model,field,system_value,catalog_value,source_page,decision,notes
ATKF25ZVMV/ARKF25ZVMV,model_code,,ATKF25ZVMV/ARKF25ZVMV,40,CATALOG_ONLY,"No exact Product or catalog-model code match."
FTKF25ZVMV/RKF25ZVMV,model_code,,FTKF25ZVMV/RKF25ZVMV,40,CATALOG_ONLY,"No exact Product or catalog-model code match."
FTKM25AVMV/RKM25AVMV,model_code,,FTKM25AVMV/RKM25AVMV,40,CATALOG_ONLY,"No exact Product or catalog-model code match."
FTKY25ZVMV/RKY25ZVMV,model_code,,FTKY25ZVMV/RKY25ZVMV,40,CATALOG_ONLY,"No exact Product or catalog-model code match."
FTKZ25VVMV/RKZ25VVMV,model_code,,FTKZ25VVMV/RKZ25VVMV,40,CATALOG_ONLY,"No exact Product or catalog-model code match."
ATKB25ZVMV/ARKB25ZVMV,model_code,,ATKB25ZVMV/ARKB25ZVMV,41,CATALOG_ONLY,"No exact Product or catalog-model code match."
FTF25XAV1V/RF25XAV1V,model_code,,FTF25XAV1V/RF25XAV1V,41,CATALOG_ONLY,"No exact Product or catalog-model code match."
FTHB25ZVMV/RHB25ZVMV,model_code,,FTHB25ZVMV/RHB25ZVMV,41,CATALOG_ONLY,"No exact Product or catalog-model code match."
FTHF25XVMV/RHF25XVMV,model_code,,FTHF25XVMV/RHF25XVMV,41,CATALOG_ONLY,"No exact Product or catalog-model code match."
FTKB25ZVMV/RKB25ZVMV,model_code,,FTKB25ZVMV/RKB25ZVMV,41,CATALOG_ONLY,"No exact Product or catalog-model code match."
FTXM25XVMV/RXM25XVMV,model_code,,FTXM25XVMV/RXM25XVMV,41,CATALOG_ONLY,"No exact Product or catalog-model code match."
FTXV25QVMV/RXV25QVMV,model_code,,FTXV25QVMV/RXV25QVMV,41,CATALOG_ONLY,"No exact Product or catalog-model code match."
ATKF35ZVMV/ARKF35ZVMV,model_code,,ATKF35ZVMV/ARKF35ZVMV,42,CATALOG_ONLY,"No exact Product or catalog-model code match."
FTKF35ZVMV/RKF35ZVMV,model_code,,FTKF35ZVMV/RKF35ZVMV,42,CATALOG_ONLY,"No exact Product or catalog-model code match."
FTKM35AVMV/RKM35AVMV,model_code,,FTKM35AVMV/RKM35AVMV,42,CATALOG_ONLY,"No exact Product or catalog-model code match."
FTKY35ZVMV/RKY35ZVMV,model_code,,FTKY35ZVMV/RKY35ZVMV,42,CATALOG_ONLY,"No exact Product or catalog-model code match."
FTKZ35VVMV/RKZ35VVMV,model_code,,FTKZ35VVMV/RKZ35VVMV,42,CATALOG_ONLY,"No exact Product or catalog-model code match."
ATKB35ZVMV/ARKB35ZVMV,model_code,,ATKB35ZVMV/ARKB35ZVMV,43,CATALOG_ONLY,"No exact Product or catalog-model code match."
FTF35XAV1V/RF35XAV1V,model_code,,FTF35XAV1V/RF35XAV1V,43,CATALOG_ONLY,"No exact Product or catalog-model code match."
FTHB35ZVMV/RHB35ZVMV,model_code,,FTHB35ZVMV/RHB35ZVMV,43,CATALOG_ONLY,"No exact Product or catalog-model code match."
FTHF35XVMV/RHF35XVMV,model_code,,FTHF35XVMV/RHF35XVMV,43,CATALOG_ONLY,"No exact Product or catalog-model code match."
FTKB35ZVMV/RKB35ZVMV,model_code,,FTKB35ZVMV/RKB35ZVMV,43,CATALOG_ONLY,"No exact Product or catalog-model code match."
FTXM35XVMV/RXM35XVMV,model_code,,FTXM35XVMV/RXM35XVMV,43,CATALOG_ONLY,"No exact Product or catalog-model code match."
FTXV35QVMV/RXV35QVMV,model_code,,FTXV35QVMV/RXV35QVMV,43,CATALOG_ONLY,"No exact Product or catalog-model code match."
FTKF50ZVMV/RKF50ZVMV,model_code,,FTKF50ZVMV/RKF50ZVMV,44,CATALOG_ONLY,"No exact Product or catalog-model code match."
FTKM50AVMV/RKM50AVMV,model_code,,FTKM50AVMV/RKM50AVMV,44,CATALOG_ONLY,"No exact Product or catalog-model code match."
FTKY50ZVMV/RKY50ZVMV,model_code,,FTKY50ZVMV/RKY50ZVMV,44,CATALOG_ONLY,"No exact Product or catalog-model code match."
FTKZ50VVMV/RKZ50VVMV,model_code,,FTKZ50VVMV/RKZ50VVMV,44,CATALOG_ONLY,"No exact Product or catalog-model code match."
FTF50XV1V/RF50XV1V,model_code,,FTF50XV1V/RF50XV1V,45,CATALOG_ONLY,"No exact Product or catalog-model code match."
FTHB50ZVMV/RHB50ZVMV,model_code,,FTHB50ZVMV/RHB50ZVMV,45,CATALOG_ONLY,"No exact Product or catalog-model code match."
FTHF50AVMV/RHF50AVMV,model_code,,FTHF50AVMV/RHF50AVMV,45,CATALOG_ONLY,"No exact Product or catalog-model code match."
FTKB50ZVMV/RKB50ZVMV,model_code,,FTKB50ZVMV/RKB50ZVMV,45,CATALOG_ONLY,"No exact Product or catalog-model code match."
FTXM50XVMV/RXM50XVMV,model_code,,FTXM50XVMV/RXM50XVMV,45,CATALOG_ONLY,"No exact Product or catalog-model code match."
FTXV50QVMV/RXV50QVMV,model_code,,FTXV50QVMV/RXV50QVMV,45,CATALOG_ONLY,"No exact Product or catalog-model code match."
FTKM60AVMV/RKM60AVMV,model_code,,FTKM60AVMV/RKM60AVMV,46,CATALOG_ONLY,"No exact Product or catalog-model code match."
FTKY60ZVMV/RKY60ZVMV,model_code,,FTKY60ZVMV/RKY60ZVMV,46,CATALOG_ONLY,"No exact Product or catalog-model code match."
FTKZ60VVMV/RKZ60VVMV,model_code,,FTKZ60VVMV/RKZ60VVMV,46,CATALOG_ONLY,"No exact Product or catalog-model code match."
FTHB60ZVMV/RHB60ZVMV,model_code,,FTHB60ZVMV/RHB60ZVMV,47,CATALOG_ONLY,"No exact Product or catalog-model code match."
FTHF60AVMV/RHF60AVMV,model_code,,FTHF60AVMV/RHF60AVMV,47,CATALOG_ONLY,"No exact Product or catalog-model code match."
FTKB60ZVMV/RKB60ZVMV,model_code,,FTKB60ZVMV/RKB60ZVMV,47,CATALOG_ONLY,"No exact Product or catalog-model code match."
FTKF60ZVMV/RKF60ZVMV,model_code,,FTKF60ZVMV/RKF60ZVMV,47,CATALOG_ONLY,"No exact Product or catalog-model code match."
FTXM60XVMV/RXM60XVMV,model_code,,FTXM60XVMV/RXM60XVMV,47,CATALOG_ONLY,"No exact Product or catalog-model code match."
FTXV60QVMV/RXV60QVMV,model_code,,FTXV60QVMV/RXV60QVMV,47,CATALOG_ONLY,"No exact Product or catalog-model code match."
FTKM71AVMV/RKM71AVMV,model_code,,FTKM71AVMV/RKM71AVMV,48,CATALOG_ONLY,"No exact Product or catalog-model code match."
FTKY71ZVMV/RKY71ZVMV,model_code,,FTKY71ZVMV/RKY71ZVMV,48,CATALOG_ONLY,"No exact Product or catalog-model code match."
FTKZ71VVMV/RKZ71VVMV,model_code,,FTKZ71VVMV/RKZ71VVMV,48,CATALOG_ONLY,"No exact Product or catalog-model code match."
FTF85XV1V/RF85XV1V,model_code,,FTF85XV1V/RF85XV1V,49,CATALOG_ONLY,"No exact Product or catalog-model code match."
FTHF71AVMV/RHF71AVMV,model_code,,FTHF71AVMV/RHF71AVMV,49,CATALOG_ONLY,"No exact Product or catalog-model code match."
FTKF71ZVMV/RKF71ZVMV,model_code,,FTKF71ZVMV/RKF71ZVMV,49,CATALOG_ONLY,"No exact Product or catalog-model code match."
FTXM71XVMV/RXM71XVMV,model_code,,FTXM71XVMV/RXM71XVMV,49,CATALOG_ONLY,"No exact Product or catalog-model code match."
FTXV71QVMV/RXV71QVMV,model_code,,FTXV71QVMV/RXV71QVMV,49,CATALOG_ONLY,"No exact Product or catalog-model code match."
