product_id,sku,is_active,deleted_at,category_id,category_name,category_active,category_deleted,classification
1237,GCC24S6I-GMC24S6I,1,,,,,,UNCATEGORIZED
1238,GCC36S6IA-GMC36S6IA,1,,24,"Điều hòa âm trần Cassette",1,,VALID_PUBLIC_CATEGORY
1239,GCC42S6I-GMC42S6I,1,,,,,,UNCATEGORIZED
1240,GDC24S6I-GMC24S6I,1,,,,,,UNCATEGORIZED
1241,GDC36S6I-GMC36S6I,1,,,,,,UNCATEGORIZED
1242,GDC42S6I-GMC42S6I,1,,,,,,UNCATEGORIZED
1243,GULD50T1-A-S-GULD50W1-NhA-S,1,,,,,,UNCATEGORIZED
1244,GULD140T1-A-S-GULD140W1-NhA-S,1,,,,,,UNCATEGORIZED
1245,GULD160T1-A-S-GULD160W1-NhA-S,1,,,,,,UNCATEGORIZED
1246,GUD50T-A1-K-GU50W-A1-K,1,,,,,,UNCATEGORIZED
1247,GU71T-A1-K-GU71W-A1-K,1,,,,,,UNCATEGORIZED
1248,GU100T-A1-K-GU100W-A1-K,1,,,,,,UNCATEGORIZED
1249,GU125T-A1-K-GU125W-A1-M,1,,,,,,UNCATEGORIZED
1250,GU140T-A1-K-GU140W-A1-M,1,,,,,,UNCATEGORIZED
1251,GU125T-A-K-GUL125W-A-M,1,,,,,,UNCATEGORIZED
1252,GU140T-A-K-GUL140W-A-M,1,,,,,,UNCATEGORIZED
1253,GU160T-A-K-GUL160W-A-M,1,,,,,,UNCATEGORIZED
1254,GULD50PS1-A-S-GULD50W1-NhA-S,1,,,,,,UNCATEGORIZED
1255,GULD140PHS1-A-S-GULD140W1-NhA-S,1,,,,,,UNCATEGORIZED
1256,GULD160PHS1-A-S-GULD160W1-NhA-S,1,,,,,,UNCATEGORIZED
1257,GUD35PS1-A-S-GUD35W1-NhA-S,1,,,,,,UNCATEGORIZED
1258,GUD50PS1-A-S-GUD50W1-NhA-S,1,,,,,,UNCATEGORIZED
1259,GUD71PHS1-A-S-GUD71W1-NhA-S,1,,,,,,UNCATEGORIZED
1260,GUD100PHS1-A-S-GUD100W1-NhA-S,1,,,,,,UNCATEGORIZED
1261,GUD140PHS1-A-S-GUD140W1-NhA-S,1,,,,,,UNCATEGORIZED
1262,GUD60PHS1-B-K-E--GUT60W1-B-M-E,1,,,,,,UNCATEGORIZED
1263,GULD50ZD1-A-S-GULD50W1-NhA-S,1,,,,,,UNCATEGORIZED
1264,GULD71ZD1-A-S-GULD71W1-NhA-S,1,,,,,,UNCATEGORIZED
1265,GULD85ZD1-A-S-GULD85W1-NhA-S,1,,,,,,UNCATEGORIZED
1266,GULD100ZD1-A-S-GULD100W1-NhA-S,1,,,,,,UNCATEGORIZED
1267,GULD125ZD1-A-S-GULD125W1-NhA-S,1,,,,,,UNCATEGORIZED
1268,GULD140ZD1-A-S-GULD140W1-NhA-S,1,,,,,,UNCATEGORIZED
1269,GULD160ZD1-A-S-GULD160W1-NhA-S,1,,,,,,UNCATEGORIZED
1270,GULD85T1-A-S-GULD85W1-NhA-S,1,,,,,,UNCATEGORIZED
1271,GULD100T1-A-S-GULD100W1-NhA-S,1,,,,,,UNCATEGORIZED
1272,GULD85PHS1-A-S-GULD85W1-NhA-S,1,,,,,,UNCATEGORIZED
1273,"GMVS 28KW",1,,,,,,UNCATEGORIZED
1274,GMV-Y160WL-A-T-A,1,,,,,,UNCATEGORIZED
1275,GMV-Y224WM-D-X-S,1,,,,,,UNCATEGORIZED
1276,GMV-Y280WM-D-X-S,1,,,,,,UNCATEGORIZED
1277,GMV-Y335WM-D-X-S,1,,,,,,UNCATEGORIZED
1278,GMV-Y400WM-D-X-S,1,,,,,,UNCATEGORIZED
1279,GMV-Y450WM-D-X-S,1,,,,,,UNCATEGORIZED
1280,GMV-Y120WL-A-E,1,,,,,,UNCATEGORIZED
1281,GMV-Y140WL-A-E,1,,,,,,UNCATEGORIZED
1282,GMV-Y160WL-A-E,1,,,,,,UNCATEGORIZED
1283,GMV-Y120WL-A-T-A,1,,,,,,UNCATEGORIZED
1284,GMV-Y140WL-A-T-A,1,,,,,,UNCATEGORIZED
1285,GMV-Y504WM-D-X-S,1,,,,,,UNCATEGORIZED
1286,GMV-Y560WM-D-X-S,1,,,,,,UNCATEGORIZED
1287,GMV-Y615WM-D-X-S,1,,,,,,UNCATEGORIZED
1288,GMV-Y680WM-D-X-S,1,,,,,,UNCATEGORIZED
1289,GMV-Y730WM-D-X-S,1,,,,,,UNCATEGORIZED
1290,GMV-Y785WM-D-X-S,1,,,,,,UNCATEGORIZED
1291,GMV-Y850WM-D-X-S,1,,,,,,UNCATEGORIZED
1292,GMV-Y900WM-D-X-S,1,,,,,,UNCATEGORIZED
1293,GMV-Y960WM-D-X-S,1,,,,,,UNCATEGORIZED
1294,GMV-Y1010WM-D-X-S,1,,,,,,UNCATEGORIZED
1295,GMV-Y1065WM-D-X-S,1,,,,,,UNCATEGORIZED
1296,GMV-Y1130WM-D-X-S,1,,,,,,UNCATEGORIZED
1297,GMV-Y1180WM-D-X-S,1,,,,,,UNCATEGORIZED
1298,GMV-Y1235WM-D-X-S,1,,,,,,UNCATEGORIZED
1299,GMV-Y1300WM-D-X-S,1,,,,,,UNCATEGORIZED
1300,GMV-Y1350WM-D-X-S,1,,,,,,UNCATEGORIZED
1301,GMV-Y1410WM-D-X-S,1,,,,,,UNCATEGORIZED
1302,GMV-Y1460WM-D-X-S,1,,,,,,UNCATEGORIZED
1303,GMV-Y1515WM-D-X-S,1,,,,,,UNCATEGORIZED
1304,GMV-Y1580WM-D-X-S,1,,,,,,UNCATEGORIZED
1305,GMV-Y1630WM-D-X-S,1,,,,,,UNCATEGORIZED
1306,GMV-Y1685WM-D-X-S,1,,,,,,UNCATEGORIZED
1307,GMV-Y1750WM-D-X-S,1,,,,,,UNCATEGORIZED
1308,GMV-Y1800WM-D-X-S,1,,,,,,UNCATEGORIZED
1309,GVC18AL-K6NNC7A,1,,,,,,UNCATEGORIZED
1310,GVC24AM-K6NNC7B,1,,,,,,UNCATEGORIZED
1311,GVC30AMXH-K6NNC7B,1,,,,,,UNCATEGORIZED
1312,GVC42ALXH-M6NNC7B,1,,,,,,UNCATEGORIZED
1313,GVC55ALXL-M3NTC7A,1,,,,,,UNCATEGORIZED
1314,GVH24AMXF-K3NTC7A,1,,,,,,UNCATEGORIZED
1315,GVC48ATXL-M3NTD4A,1,,,,,,UNCATEGORIZED
1316,GVH24AKXF-K6DNC8A,1,,,,,,UNCATEGORIZED
1317,RF28WPd-NaA-M,1,,,,,,UNCATEGORIZED
1319,ATKF25ZVMV-ARKF25ZVMV,1,,29,"Điều hòa treo tường",0,,INACTIVE_CATEGORY
1320,FTKF25ZVMV-RKF25ZVMV,1,,29,"Điều hòa treo tường",0,,INACTIVE_CATEGORY
1321,FTKM25AVMV-RKM25AVMV,1,,29,"Điều hòa treo tường",0,,INACTIVE_CATEGORY
1322,FTKY25ZVMV-RKY25ZVMV,1,,29,"Điều hòa treo tường",0,,INACTIVE_CATEGORY
1323,FTKZ25VVMV-RKZ25VVMV,1,,29,"Điều hòa treo tường",0,,INACTIVE_CATEGORY
1324,ATKB25ZVMV-ARKB25ZVMV,1,,29,"Điều hòa treo tường",0,,INACTIVE_CATEGORY
1325,FTF25XAV1V-RF25XAV1V,1,,29,"Điều hòa treo tường",0,,INACTIVE_CATEGORY
1326,FTHB25ZVMV-RHB25ZVMV,1,,29,"Điều hòa treo tường",0,,INACTIVE_CATEGORY
1327,FTHF25XVMV-RHF25XVMV,1,,29,"Điều hòa treo tường",0,,INACTIVE_CATEGORY
1328,FTKB25ZVMV-RKB25ZVMV,1,,29,"Điều hòa treo tường",0,,INACTIVE_CATEGORY
1329,FTXM25XVMV-RXM25XVMV,1,,29,"Điều hòa treo tường",0,,INACTIVE_CATEGORY
1330,FTXV25QVMV-RXV25QVMV,1,,29,"Điều hòa treo tường",0,,INACTIVE_CATEGORY
1331,ATKF35ZVMV-ARKF35ZVMV,1,,29,"Điều hòa treo tường",0,,INACTIVE_CATEGORY
1332,FTKF35ZVMV-RKF35ZVMV,1,,29,"Điều hòa treo tường",0,,INACTIVE_CATEGORY
1333,FTKM35AVMV-RKM35AVMV,1,,29,"Điều hòa treo tường",0,,INACTIVE_CATEGORY
1334,FTKY35ZVMV-RKY35ZVMV,1,,29,"Điều hòa treo tường",0,,INACTIVE_CATEGORY
1335,FTKZ35VVMV-RKZ35VVMV,1,,29,"Điều hòa treo tường",0,,INACTIVE_CATEGORY
1336,ATKB35ZVMV-ARKB35ZVMV,1,,29,"Điều hòa treo tường",0,,INACTIVE_CATEGORY
1337,FTF35XAV1V-RF35XAV1V,1,,29,"Điều hòa treo tường",0,,INACTIVE_CATEGORY
1338,FTHB35ZVMV-RHB35ZVMV,1,,29,"Điều hòa treo tường",0,,INACTIVE_CATEGORY
1339,FTHF35XVMV-RHF35XVMV,1,,29,"Điều hòa treo tường",0,,INACTIVE_CATEGORY
1340,FTKB35ZVMV-RKB35ZVMV,1,,29,"Điều hòa treo tường",0,,INACTIVE_CATEGORY
1341,FTXM35XVMV-RXM35XVMV,1,,29,"Điều hòa treo tường",0,,INACTIVE_CATEGORY
1342,FTXV35QVMV-RXV35QVMV,1,,29,"Điều hòa treo tường",0,,INACTIVE_CATEGORY
1343,FTKF50ZVMV-RKF50ZVMV,1,,29,"Điều hòa treo tường",0,,INACTIVE_CATEGORY
1344,FTKM50AVMV-RKM50AVMV,1,,29,"Điều hòa treo tường",0,,INACTIVE_CATEGORY
1345,FTKY50ZVMV-RKY50ZVMV,1,,29,"Điều hòa treo tường",0,,INACTIVE_CATEGORY
1346,FTKZ50VVMV-RKZ50VVMV,1,,29,"Điều hòa treo tường",0,,INACTIVE_CATEGORY
1347,FTF50XV1V-RF50XV1V,1,,29,"Điều hòa treo tường",0,,INACTIVE_CATEGORY
1348,FTHB50ZVMV-RHB50ZVMV,1,,29,"Điều hòa treo tường",0,,INACTIVE_CATEGORY
1349,FTHF50AVMV-RHF50AVMV,1,,29,"Điều hòa treo tường",0,,INACTIVE_CATEGORY
1350,FTKB50ZVMV-RKB50ZVMV,1,,29,"Điều hòa treo tường",0,,INACTIVE_CATEGORY
1351,FTXM50XVMV-RXM50XVMV,1,,29,"Điều hòa treo tường",0,,INACTIVE_CATEGORY
1352,FTXV50QVMV-RXV50QVMV,1,,29,"Điều hòa treo tường",0,,INACTIVE_CATEGORY
1353,FTKM60AVMV-RKM60AVMV,1,,29,"Điều hòa treo tường",0,,INACTIVE_CATEGORY
1354,FTKY60ZVMV-RKY60ZVMV,1,,29,"Điều hòa treo tường",0,,INACTIVE_CATEGORY
1355,FTKZ60VVMV-RKZ60VVMV,1,,29,"Điều hòa treo tường",0,,INACTIVE_CATEGORY
1356,FTHB60ZVMV-RHB60ZVMV,1,,29,"Điều hòa treo tường",0,,INACTIVE_CATEGORY
1357,FTHF60AVMV-RHF60AVMV,1,,29,"Điều hòa treo tường",0,,INACTIVE_CATEGORY
1358,FTKB60ZVMV-RKB60ZVMV,1,,29,"Điều hòa treo tường",0,,INACTIVE_CATEGORY
1359,FTKF60ZVMV-RKF60ZVMV,1,,29,"Điều hòa treo tường",0,,INACTIVE_CATEGORY
1360,FTXM60XVMV-RXM60XVMV,1,,29,"Điều hòa treo tường",0,,INACTIVE_CATEGORY
1361,FTXV60QVMV-RXV60QVMV,1,,29,"Điều hòa treo tường",0,,INACTIVE_CATEGORY
1362,FTKM71AVMV-RKM71AVMV,1,,29,"Điều hòa treo tường",0,,INACTIVE_CATEGORY
1363,FTKY71ZVMV-RKY71ZVMV,1,,29,"Điều hòa treo tường",0,,INACTIVE_CATEGORY
1364,FTKZ71VVMV-RKZ71VVMV,1,,29,"Điều hòa treo tường",0,,INACTIVE_CATEGORY
1365,FTF85XV1V-RF85XV1V,1,,29,"Điều hòa treo tường",0,,INACTIVE_CATEGORY
1366,FTHF71AVMV-RHF71AVMV,1,,29,"Điều hòa treo tường",0,,INACTIVE_CATEGORY
1367,FTKF71ZVMV-RKF71ZVMV,1,,29,"Điều hòa treo tường",0,,INACTIVE_CATEGORY
1368,FTXM71XVMV-RXM71XVMV,1,,29,"Điều hòa treo tường",0,,INACTIVE_CATEGORY
1369,FTXV71QVMV-RXV71QVMV,1,,29,"Điều hòa treo tường",0,,INACTIVE_CATEGORY
1370,FBA100BVMA9-RZA100DV1,0,,27,"Điều hòa giấu trần nối ống gió",1,,VALID_PUBLIC_CATEGORY
1371,FBA100BVMA9-RZA100DY1,0,,27,"Điều hòa giấu trần nối ống gió",1,,VALID_PUBLIC_CATEGORY
1372,FBA100BVMA9-RZF100CVM,0,,27,"Điều hòa giấu trần nối ống gió",1,,VALID_PUBLIC_CATEGORY
1373,FBA100BVMA9-RZF100CYM,0,,27,"Điều hòa giấu trần nối ống gió",1,,VALID_PUBLIC_CATEGORY
1374,FBA100BVMA9-RZF100DVM,0,,27,"Điều hòa giấu trần nối ống gió",1,,VALID_PUBLIC_CATEGORY
1375,FBA100BVMA9-RZF100DYM,0,,27,"Điều hòa giấu trần nối ống gió",1,,VALID_PUBLIC_CATEGORY
1376,FBA125BVMA9-RZA125DV1,0,,27,"Điều hòa giấu trần nối ống gió",1,,VALID_PUBLIC_CATEGORY
1377,FBA125BVMA9-RZA125DY1,0,,27,"Điều hòa giấu trần nối ống gió",1,,VALID_PUBLIC_CATEGORY
1378,FBA125BVMA9-RZF125CVM,0,,27,"Điều hòa giấu trần nối ống gió",1,,VALID_PUBLIC_CATEGORY
1379,FBA125BVMA9-RZF125CYM,0,,27,"Điều hòa giấu trần nối ống gió",1,,VALID_PUBLIC_CATEGORY
1380,FBA125BVMA9-RZF125DVM,0,,27,"Điều hòa giấu trần nối ống gió",1,,VALID_PUBLIC_CATEGORY
1381,FBA125BVMA9-RZF125DYM,0,,27,"Điều hòa giấu trần nối ống gió",1,,VALID_PUBLIC_CATEGORY
1382,FBA140BVMA-RZA140DV1,0,,27,"Điều hòa giấu trần nối ống gió",1,,VALID_PUBLIC_CATEGORY
1383,FBA140BVMA9-RZA140DY1,0,,27,"Điều hòa giấu trần nối ống gió",1,,VALID_PUBLIC_CATEGORY
1384,FBA140BVMA9-RZF140CVM,0,,27,"Điều hòa giấu trần nối ống gió",1,,VALID_PUBLIC_CATEGORY
1385,FBA140BVMA9-RZF140CYM,0,,27,"Điều hòa giấu trần nối ống gió",1,,VALID_PUBLIC_CATEGORY
1386,FBA140BVMA9-RZF140DVM,0,,27,"Điều hòa giấu trần nối ống gió",1,,VALID_PUBLIC_CATEGORY
1387,FBA140BVMA9-RZF140DYM,0,,27,"Điều hòa giấu trần nối ống gió",1,,VALID_PUBLIC_CATEGORY
1388,FBA50BVMA9-RZA50DV2V,0,,27,"Điều hòa giấu trần nối ống gió",1,,VALID_PUBLIC_CATEGORY
1389,FBA50BVMA9-RZF50DVM,0,,27,"Điều hòa giấu trần nối ống gió",1,,VALID_PUBLIC_CATEGORY
1390,FBA60BVMA9-RZA60DV2V,0,,27,"Điều hòa giấu trần nối ống gió",1,,VALID_PUBLIC_CATEGORY
1391,FBA60BVMA9-RZF60DVM,0,,27,"Điều hòa giấu trần nối ống gió",1,,VALID_PUBLIC_CATEGORY
1392,FBA71BVMA9-RZA71DV1,0,,27,"Điều hòa giấu trần nối ống gió",1,,VALID_PUBLIC_CATEGORY
1393,FBA71BVMA9-RZF71DVM,0,,27,"Điều hòa giấu trần nối ống gió",1,,VALID_PUBLIC_CATEGORY
1394,FBA71BVMA9-RZF71DYM,0,,27,"Điều hòa giấu trần nối ống gió",1,,VALID_PUBLIC_CATEGORY
1395,FBFC100DVM9-RZFC100EVM,0,,27,"Điều hòa giấu trần nối ống gió",1,,VALID_PUBLIC_CATEGORY
1396,FBFC100DVM9-RZFC100EY1,0,,27,"Điều hòa giấu trần nối ống gió",1,,VALID_PUBLIC_CATEGORY
1397,FBFC125DVM9-RZFC125EY1,0,,27,"Điều hòa giấu trần nối ống gió",1,,VALID_PUBLIC_CATEGORY
1398,FBFC140DVM9-RZFC140EY1,0,,27,"Điều hòa giấu trần nối ống gió",1,,VALID_PUBLIC_CATEGORY
1399,FBFC40DVM9-RZFC40EVM,0,,27,"Điều hòa giấu trần nối ống gió",1,,VALID_PUBLIC_CATEGORY
1400,FBFC50DVM9-RZFC50EVM,0,,27,"Điều hòa giấu trần nối ống gió",1,,VALID_PUBLIC_CATEGORY
1401,FBFC60DVM9-RZFC60EVM,0,,27,"Điều hòa giấu trần nối ống gió",1,,VALID_PUBLIC_CATEGORY
1402,FBFC71DVM9-RZFC71EVM,0,,27,"Điều hòa giấu trần nối ống gió",1,,VALID_PUBLIC_CATEGORY
1403,FBFC71DVM9-RZFC71EY1,0,,27,"Điều hòa giấu trần nối ống gió",1,,VALID_PUBLIC_CATEGORY
1404,FBFC85DVM9-RZFC85EVM,0,,27,"Điều hòa giấu trần nối ống gió",1,,VALID_PUBLIC_CATEGORY
1405,FBFC85DVM9-RZFC85EY1,0,,27,"Điều hòa giấu trần nối ống gió",1,,VALID_PUBLIC_CATEGORY
1406,FCC100AV1V-RC100AGY1V,0,,24,"Điều hòa âm trần Cassette",1,,VALID_PUBLIC_CATEGORY
1407,FCC125AV1V-RC125AGY1V,0,,24,"Điều hòa âm trần Cassette",1,,VALID_PUBLIC_CATEGORY
1408,FCC140AV1V-RC140AGY1V,0,,24,"Điều hòa âm trần Cassette",1,,VALID_PUBLIC_CATEGORY
1409,FCC50AV1V-RC50AGV1V,0,,24,"Điều hòa âm trần Cassette",1,,VALID_PUBLIC_CATEGORY
1410,FCC60AV1V-RC60AGV1V,0,,24,"Điều hòa âm trần Cassette",1,,VALID_PUBLIC_CATEGORY
1411,FCC85AV1V-RC85AGV1V,0,,24,"Điều hòa âm trần Cassette",1,,VALID_PUBLIC_CATEGORY
1412,FCC85AV1V-RC85AGY1V,0,,24,"Điều hòa âm trần Cassette",1,,VALID_PUBLIC_CATEGORY
1413,FCF100CVM-RZA100DV1,0,,24,"Điều hòa âm trần Cassette",1,,VALID_PUBLIC_CATEGORY
1414,FCF100CVM-RZA100DY1,0,,24,"Điều hòa âm trần Cassette",1,,VALID_PUBLIC_CATEGORY
1415,FCF100CVM-RZF100CVM,0,,24,"Điều hòa âm trần Cassette",1,,VALID_PUBLIC_CATEGORY
1416,FCF100CVM-RZF100CYM,0,,24,"Điều hòa âm trần Cassette",1,,VALID_PUBLIC_CATEGORY
1417,FCF100CVM-RZF100DVM,0,,24,"Điều hòa âm trần Cassette",1,,VALID_PUBLIC_CATEGORY
1418,FCF100CVM-RZF100DYM,0,,24,"Điều hòa âm trần Cassette",1,,VALID_PUBLIC_CATEGORY
1419,FCF125CVM-RZA125DV1,0,,24,"Điều hòa âm trần Cassette",1,,VALID_PUBLIC_CATEGORY
1420,FCF125CVM-RZA125DY1,0,,24,"Điều hòa âm trần Cassette",1,,VALID_PUBLIC_CATEGORY
1421,FCF125CVM-RZF125CVM,0,,24,"Điều hòa âm trần Cassette",1,,VALID_PUBLIC_CATEGORY
1422,FCF125CVM-RZF125CYM,0,,24,"Điều hòa âm trần Cassette",1,,VALID_PUBLIC_CATEGORY
1423,FCF125DVM-RZF125DVM,0,,24,"Điều hòa âm trần Cassette",1,,VALID_PUBLIC_CATEGORY
1424,FCF125DVM-RZF125DYM,0,,24,"Điều hòa âm trần Cassette",1,,VALID_PUBLIC_CATEGORY
1425,FCF140CVM-RZA140DV1,0,,24,"Điều hòa âm trần Cassette",1,,VALID_PUBLIC_CATEGORY
1426,FCF140CVM-RZA140DY1,0,,24,"Điều hòa âm trần Cassette",1,,VALID_PUBLIC_CATEGORY
1427,FCF140CVM-RZF140CVM,0,,24,"Điều hòa âm trần Cassette",1,,VALID_PUBLIC_CATEGORY
1428,FCF140CVM-RZF140CYM,0,,24,"Điều hòa âm trần Cassette",1,,VALID_PUBLIC_CATEGORY
1429,FCF140DVM-RZF140DVM,0,,24,"Điều hòa âm trần Cassette",1,,VALID_PUBLIC_CATEGORY
1430,FCF140DVM-RZF140DYM,0,,24,"Điều hòa âm trần Cassette",1,,VALID_PUBLIC_CATEGORY
1431,FCF50CVM-RZA50DV2V,0,,24,"Điều hòa âm trần Cassette",1,,VALID_PUBLIC_CATEGORY
1432,FCF50CVM-RZF50DVM,0,,24,"Điều hòa âm trần Cassette",1,,VALID_PUBLIC_CATEGORY
1433,FCF60CVM-RZA60DV2V,0,,24,"Điều hòa âm trần Cassette",1,,VALID_PUBLIC_CATEGORY
1434,FCF60CVM-RZF60DVM,0,,24,"Điều hòa âm trần Cassette",1,,VALID_PUBLIC_CATEGORY
1435,FCF71CVM-RZA71DV1,0,,24,"Điều hòa âm trần Cassette",1,,VALID_PUBLIC_CATEGORY
1436,FCF71CVM-RZF71DVM,0,,24,"Điều hòa âm trần Cassette",1,,VALID_PUBLIC_CATEGORY
1437,FCF71CVM-RZF71DYM,0,,24,"Điều hòa âm trần Cassette",1,,VALID_PUBLIC_CATEGORY
1438,FCFC100DVM-RZFC100EVM,0,,24,"Điều hòa âm trần Cassette",1,,VALID_PUBLIC_CATEGORY
1439,FCFC100DVM-RZFC100EY1,0,,24,"Điều hòa âm trần Cassette",1,,VALID_PUBLIC_CATEGORY
1440,FCFC125DVM-RZFC125EY1,0,,24,"Điều hòa âm trần Cassette",1,,VALID_PUBLIC_CATEGORY
1441,FCFC140DVM-RZFC140EY1,0,,24,"Điều hòa âm trần Cassette",1,,VALID_PUBLIC_CATEGORY
1442,FCFC40DVM-RZFC40EVM,0,,24,"Điều hòa âm trần Cassette",1,,VALID_PUBLIC_CATEGORY
1443,FCFC50DVM-RZFC50EVM,0,,24,"Điều hòa âm trần Cassette",1,,VALID_PUBLIC_CATEGORY
1444,FCFC60DVM-RZFC60EVM,0,,24,"Điều hòa âm trần Cassette",1,,VALID_PUBLIC_CATEGORY
1445,FCFC71DVM-RZFC71EVM,0,,24,"Điều hòa âm trần Cassette",1,,VALID_PUBLIC_CATEGORY
1446,FCFC71DVM-RZFC71EY1,0,,24,"Điều hòa âm trần Cassette",1,,VALID_PUBLIC_CATEGORY
1447,FCFC85DVM-RZFC85EVM,0,,24,"Điều hòa âm trần Cassette",1,,VALID_PUBLIC_CATEGORY
1448,FCFC85DVM-RZFC85EY1,0,,24,"Điều hòa âm trần Cassette",1,,VALID_PUBLIC_CATEGORY
1449,FCFG100AV1V-RZFC100AV19,0,,24,"Điều hòa âm trần Cassette",1,,VALID_PUBLIC_CATEGORY
1450,FCFG125AV1V-RZFC125AY19,0,,24,"Điều hòa âm trần Cassette",1,,VALID_PUBLIC_CATEGORY
1451,FCFG140AV1V-RZFC140AY19,0,,24,"Điều hòa âm trần Cassette",1,,VALID_PUBLIC_CATEGORY
1452,FCFG50AV1V-RZFC50AV1V,0,,24,"Điều hòa âm trần Cassette",1,,VALID_PUBLIC_CATEGORY
1453,FCFG60AV1V-RZFC60AGV19,0,,24,"Điều hòa âm trần Cassette",1,,VALID_PUBLIC_CATEGORY
1454,FCFG71AV1V-RZFC71AGV19,0,,24,"Điều hòa âm trần Cassette",1,,VALID_PUBLIC_CATEGORY
1455,FCFG85AV1V-RZFC85AGV19,0,,24,"Điều hòa âm trần Cassette",1,,VALID_PUBLIC_CATEGORY
1456,FCNQ13MV1-RNQ13MV1,0,,24,"Điều hòa âm trần Cassette",1,,VALID_PUBLIC_CATEGORY
1457,FCNQ18MV1-RNQ18MV19,0,,24,"Điều hòa âm trần Cassette",1,,VALID_PUBLIC_CATEGORY
1458,FCNQ21MV1-RNQ21MV19,0,,24,"Điều hòa âm trần Cassette",1,,VALID_PUBLIC_CATEGORY
1459,FCNQ26MV1-RNQ26MV19,0,,24,"Điều hòa âm trần Cassette",1,,VALID_PUBLIC_CATEGORY
1460,FCNQ26MV1-RNQ26MY1,0,,24,"Điều hòa âm trần Cassette",1,,VALID_PUBLIC_CATEGORY
1461,FCNQ30MV1-RNQ30MV1,0,,24,"Điều hòa âm trần Cassette",1,,VALID_PUBLIC_CATEGORY
1462,FCNQ30MV1-RNQ30MY1,0,,24,"Điều hòa âm trần Cassette",1,,VALID_PUBLIC_CATEGORY
1463,FCNQ36MV1-RNQ36MV1,0,,24,"Điều hòa âm trần Cassette",1,,VALID_PUBLIC_CATEGORY
1464,FCNQ36MV1-RNQ36MY1,0,,24,"Điều hòa âm trần Cassette",1,,VALID_PUBLIC_CATEGORY
1465,FCNQ42MV1-RNQ42MY1,0,,24,"Điều hòa âm trần Cassette",1,,VALID_PUBLIC_CATEGORY
1466,FCNQ48MV1-RNQ48MY1,0,,24,"Điều hòa âm trần Cassette",1,,VALID_PUBLIC_CATEGORY
1467,FCTF100AVM-RZA100DV1,0,,24,"Điều hòa âm trần Cassette",1,,VALID_PUBLIC_CATEGORY
1468,FCTF100AVM-RZA100DY1,0,,24,"Điều hòa âm trần Cassette",1,,VALID_PUBLIC_CATEGORY
1469,FCTF100AVM-RZF100CVM,1,,24,"Điều hòa âm trần Cassette",1,,VALID_PUBLIC_CATEGORY
1470,FCTF100AVM-RZF100CYM,1,,24,"Điều hòa âm trần Cassette",1,,VALID_PUBLIC_CATEGORY
1471,FCTF100AVM-RZF100DVM,1,,24,"Điều hòa âm trần Cassette",1,,VALID_PUBLIC_CATEGORY
1472,FCTF100AVM-RZF100DYM,1,,24,"Điều hòa âm trần Cassette",1,,VALID_PUBLIC_CATEGORY
1473,FCTF125AVM-RZA125DV1,1,,24,"Điều hòa âm trần Cassette",1,,VALID_PUBLIC_CATEGORY
1474,FCTF125AVM-RZA125DY1,1,,24,"Điều hòa âm trần Cassette",1,,VALID_PUBLIC_CATEGORY
1475,FCTF125AVM-RZF125CVM,1,,24,"Điều hòa âm trần Cassette",1,,VALID_PUBLIC_CATEGORY
1476,FCTF125AVM-RZF125CYM,1,,24,"Điều hòa âm trần Cassette",1,,VALID_PUBLIC_CATEGORY
1477,FCTF125BVM-RZF125DVM,1,,24,"Điều hòa âm trần Cassette",1,,VALID_PUBLIC_CATEGORY
1478,FCTF125BVM-RZF125DYM,1,,24,"Điều hòa âm trần Cassette",1,,VALID_PUBLIC_CATEGORY
1479,FCTF140AVM-RZA140DV1,1,,24,"Điều hòa âm trần Cassette",1,,VALID_PUBLIC_CATEGORY
1480,FCTF140AVM-RZA140DY1,1,,24,"Điều hòa âm trần Cassette",1,,VALID_PUBLIC_CATEGORY
1481,FCTF140AVM-RZF140CVM,1,,24,"Điều hòa âm trần Cassette",1,,VALID_PUBLIC_CATEGORY
1482,FCTF140AVM-RZF140CYM,1,,24,"Điều hòa âm trần Cassette",1,,VALID_PUBLIC_CATEGORY
1483,FCTF140BVM-RZF140DVM,1,,24,"Điều hòa âm trần Cassette",1,,VALID_PUBLIC_CATEGORY
1484,FCTF140BVM-RZF140DYM,1,,24,"Điều hòa âm trần Cassette",1,,VALID_PUBLIC_CATEGORY
1485,FCTF50AVM-RZA50DV2V,1,,24,"Điều hòa âm trần Cassette",1,,VALID_PUBLIC_CATEGORY
1486,FCTF50AVM-RZF50DVM,1,,24,"Điều hòa âm trần Cassette",1,,VALID_PUBLIC_CATEGORY
1487,FCTF60AVM-RZA60DV2V,1,,24,"Điều hòa âm trần Cassette",1,,VALID_PUBLIC_CATEGORY
1488,FCTF60AVM-RZF60DVM,1,,24,"Điều hòa âm trần Cassette",1,,VALID_PUBLIC_CATEGORY
1489,FCTF71AVM-RZA71DV1,1,,24,"Điều hòa âm trần Cassette",1,,VALID_PUBLIC_CATEGORY
1490,FCTF71AVM-RZF71DVM,1,,24,"Điều hòa âm trần Cassette",1,,VALID_PUBLIC_CATEGORY
1491,FCTF71AVM-RZF71DYM,1,,24,"Điều hòa âm trần Cassette",1,,VALID_PUBLIC_CATEGORY
1492,FDBNQ09MV1V-RNQ09MV1V,1,,27,"Điều hòa giấu trần nối ống gió",1,,VALID_PUBLIC_CATEGORY
1493,FDBNQ13MV1V-RNQ13MV1V,1,,27,"Điều hòa giấu trần nối ống gió",1,,VALID_PUBLIC_CATEGORY
1494,FDBNQ18MV1V-RNQ18MV1V,1,,27,"Điều hòa giấu trần nối ống gió",1,,VALID_PUBLIC_CATEGORY
1495,FDBNQ21MV1V-RNQ21MV1V,1,,27,"Điều hòa giấu trần nối ống gió",1,,VALID_PUBLIC_CATEGORY
1496,FDBNQ24MV1V-RNQ24MV1V,1,,27,"Điều hòa giấu trần nối ống gió",1,,VALID_PUBLIC_CATEGORY
1497,FDBNQ26MV1-RNQ26MY1,1,,27,"Điều hòa giấu trần nối ống gió",1,,VALID_PUBLIC_CATEGORY
1498,FDLF40DV1-RZFC40EVM,1,,27,"Điều hòa giấu trần nối ống gió",1,,VALID_PUBLIC_CATEGORY
1499,FDLF50DV1-RZFC50EVM,1,,27,"Điều hòa giấu trần nối ống gió",1,,VALID_PUBLIC_CATEGORY
1500,FDLF60DV1-RZFC60EVM,1,,27,"Điều hòa giấu trần nối ống gió",1,,VALID_PUBLIC_CATEGORY
1501,FDLF71DV1-RZFC71EVM,1,,27,"Điều hòa giấu trần nối ống gió",1,,VALID_PUBLIC_CATEGORY
1502,FDLF71DV1-RZFC71EY1,1,,27,"Điều hòa giấu trần nối ống gió",1,,VALID_PUBLIC_CATEGORY
1503,FDLF85DV1-RZFC85EVM,1,,27,"Điều hòa giấu trần nối ống gió",1,,VALID_PUBLIC_CATEGORY
1504,FDLF85DV1-RZFC85EY1,1,,27,"Điều hòa giấu trần nối ống gió",1,,VALID_PUBLIC_CATEGORY
1505,FDMNQ26MV1-RNQ26MV19,1,,27,"Điều hòa giấu trần nối ống gió",1,,VALID_PUBLIC_CATEGORY
1506,FDMNQ26MV1-RNQ26MY1,1,,27,"Điều hòa giấu trần nối ống gió",1,,VALID_PUBLIC_CATEGORY
1507,FDMNQ30MV1-RNQ30MV1,1,,27,"Điều hòa giấu trần nối ống gió",1,,VALID_PUBLIC_CATEGORY
1508,FDMNQ30MV1-RNQ30MY1,1,,27,"Điều hòa giấu trần nối ống gió",1,,VALID_PUBLIC_CATEGORY
1509,FDMNQ36MV1-RNQ36MV1,1,,27,"Điều hòa giấu trần nối ống gió",1,,VALID_PUBLIC_CATEGORY
1510,FDMNQ36MV1-RNQ36MY1,1,,27,"Điều hòa giấu trần nối ống gió",1,,VALID_PUBLIC_CATEGORY
1511,FDMNQ42MV1-RNQ42MY1,1,,27,"Điều hòa giấu trần nối ống gió",1,,VALID_PUBLIC_CATEGORY
1512,FDMNQ48MV1-RNQ48MY1,1,,27,"Điều hòa giấu trần nối ống gió",1,,VALID_PUBLIC_CATEGORY
1513,FFFC35AVM-RZFC35EVM,1,,24,"Điều hòa âm trần Cassette",1,,VALID_PUBLIC_CATEGORY
1514,FFFC50AVM-RZFC50EVM,1,,24,"Điều hòa âm trần Cassette",1,,VALID_PUBLIC_CATEGORY
1515,FFFC60AVM-RZFC60EVM,1,,24,"Điều hòa âm trần Cassette",1,,VALID_PUBLIC_CATEGORY
1516,FFFC71AVM-RZFC71EVM,1,,24,"Điều hòa âm trần Cassette",1,,VALID_PUBLIC_CATEGORY
1517,FHA100CVMV-RZA100DV1,1,,23,"Điều hòa đặt sàn/áp trần",1,,VALID_PUBLIC_CATEGORY
1518,FHA100CVMV-RZA100DY1,1,,23,"Điều hòa đặt sàn/áp trần",1,,VALID_PUBLIC_CATEGORY
1519,FHA100CVMV-RZF100CVM,0,,23,"Điều hòa đặt sàn/áp trần",1,,VALID_PUBLIC_CATEGORY
1520,FHA100CVMV-RZF100CYM,0,,23,"Điều hòa đặt sàn/áp trần",1,,VALID_PUBLIC_CATEGORY
1521,FHA125CVMA-RZA125DV1,0,,23,"Điều hòa đặt sàn/áp trần",1,,VALID_PUBLIC_CATEGORY
1522,FHA125CVMA-RZA125DY1,0,,23,"Điều hòa đặt sàn/áp trần",1,,VALID_PUBLIC_CATEGORY
1523,FHA125CVMA-RZF125CVM,0,,23,"Điều hòa đặt sàn/áp trần",1,,VALID_PUBLIC_CATEGORY
1524,FHA125CVMA-RZF125CYM,0,,23,"Điều hòa đặt sàn/áp trần",1,,VALID_PUBLIC_CATEGORY
1525,FHA140CVMA-RZA140DV1,0,,23,"Điều hòa đặt sàn/áp trần",1,,VALID_PUBLIC_CATEGORY
1526,FHA140CVMA-RZA140DY1,0,,23,"Điều hòa đặt sàn/áp trần",1,,VALID_PUBLIC_CATEGORY
1527,FHA140CVMA-RZF140CVM,0,,23,"Điều hòa đặt sàn/áp trần",1,,VALID_PUBLIC_CATEGORY
1528,FHA140CVMA-RZF140CYM,0,,23,"Điều hòa đặt sàn/áp trần",1,,VALID_PUBLIC_CATEGORY
1529,FHA50CVMV-RZA50DV2V,0,,23,"Điều hòa đặt sàn/áp trần",1,,VALID_PUBLIC_CATEGORY
1530,FHA50DVMV-RZF50DVM,0,,23,"Điều hòa đặt sàn/áp trần",1,,VALID_PUBLIC_CATEGORY
1531,FHA60CVMV-RZA60DV2V,0,,23,"Điều hòa đặt sàn/áp trần",1,,VALID_PUBLIC_CATEGORY
1532,FHA60DVMV-RZF60DVM,0,,23,"Điều hòa đặt sàn/áp trần",1,,VALID_PUBLIC_CATEGORY
1533,FHA71CVMV-RZA71DV1,0,,23,"Điều hòa đặt sàn/áp trần",1,,VALID_PUBLIC_CATEGORY
1534,FHA71DVMV-RZF71DVM,0,,23,"Điều hòa đặt sàn/áp trần",1,,VALID_PUBLIC_CATEGORY
1535,FHA71DVMV-RZF71DYM,0,,23,"Điều hòa đặt sàn/áp trần",1,,VALID_PUBLIC_CATEGORY
1536,FHFC100EV1-RZFC100EVM,0,,23,"Điều hòa đặt sàn/áp trần",1,,VALID_PUBLIC_CATEGORY
1537,FHFC100EV1-RZFC100EY1,0,,23,"Điều hòa đặt sàn/áp trần",1,,VALID_PUBLIC_CATEGORY
1538,FHFC125EV1-RZFC125EY1,0,,23,"Điều hòa đặt sàn/áp trần",1,,VALID_PUBLIC_CATEGORY
1539,FHFC140EV1-RZFC140EY1,0,,23,"Điều hòa đặt sàn/áp trần",1,,VALID_PUBLIC_CATEGORY
1540,FHFC40EV1-RZFC40EVM,0,,23,"Điều hòa đặt sàn/áp trần",1,,VALID_PUBLIC_CATEGORY
1541,FHFC50EV1-RZFC50EVM,0,,23,"Điều hòa đặt sàn/áp trần",1,,VALID_PUBLIC_CATEGORY
1542,FHFC60EV1-RZFC60EVM,0,,23,"Điều hòa đặt sàn/áp trần",1,,VALID_PUBLIC_CATEGORY
1543,FHFC71EV1-RZFC71EVM,0,,23,"Điều hòa đặt sàn/áp trần",1,,VALID_PUBLIC_CATEGORY
1544,FHFC71EV1-RZFC71EY1,0,,23,"Điều hòa đặt sàn/áp trần",1,,VALID_PUBLIC_CATEGORY
1545,FHFC85EV1-RZFC85EVM,0,,23,"Điều hòa đặt sàn/áp trần",1,,VALID_PUBLIC_CATEGORY
1546,FHFC85EV1-RZFC85EY1,0,,23,"Điều hòa đặt sàn/áp trần",1,,VALID_PUBLIC_CATEGORY
1547,FHNQ13MV1V-RNQ13MV1V,0,,23,"Điều hòa đặt sàn/áp trần",1,,VALID_PUBLIC_CATEGORY
1548,FHNQ18MV1V-RNQ18MV1V,0,,23,"Điều hòa đặt sàn/áp trần",1,,VALID_PUBLIC_CATEGORY
1549,FHNQ21MV1V-RNQ21MV1V,0,,23,"Điều hòa đặt sàn/áp trần",1,,VALID_PUBLIC_CATEGORY
1550,FHNQ24MV1V-RNQ24MV1V,0,,23,"Điều hòa đặt sàn/áp trần",1,,VALID_PUBLIC_CATEGORY
1551,FHNQ26MV1-RNQ26MY1,0,,23,"Điều hòa đặt sàn/áp trần",1,,VALID_PUBLIC_CATEGORY
1552,FHNQ30MV1V-RNQ30MV1V,0,,23,"Điều hòa đặt sàn/áp trần",1,,VALID_PUBLIC_CATEGORY
1553,FHNQ36MV1V-RNQ36MV1V,0,,23,"Điều hòa đặt sàn/áp trần",1,,VALID_PUBLIC_CATEGORY
1554,FHNQ42MV1-RNQ42MY1,0,,23,"Điều hòa đặt sàn/áp trần",1,,VALID_PUBLIC_CATEGORY
1555,FHNQ48MV1-RNQ48MY1,0,,23,"Điều hòa đặt sàn/áp trần",1,,VALID_PUBLIC_CATEGORY
1556,FVA100AMVM-RZA100DV1,0,,25,"Điều hòa tủ đứng",1,,VALID_PUBLIC_CATEGORY
1557,FVA100AMVM-RZA100DY1,0,,25,"Điều hòa tủ đứng",1,,VALID_PUBLIC_CATEGORY
1558,FVA100AMVM-RZF100CVM,0,,25,"Điều hòa tủ đứng",1,,VALID_PUBLIC_CATEGORY
1559,FVA100AMVM-RZF100CYM,0,,25,"Điều hòa tủ đứng",1,,VALID_PUBLIC_CATEGORY
1560,FVA100AMVM-RZF100DVM,0,,25,"Điều hòa tủ đứng",1,,VALID_PUBLIC_CATEGORY
1561,FVA100AMVM-RZF100DYM,0,,25,"Điều hòa tủ đứng",1,,VALID_PUBLIC_CATEGORY
1562,FVA125AMVM-RZA125DV1,0,,25,"Điều hòa tủ đứng",1,,VALID_PUBLIC_CATEGORY
1563,FVA125AMVM-RZA125DY1,0,,25,"Điều hòa tủ đứng",1,,VALID_PUBLIC_CATEGORY
1564,FVA125AMVM-RZF125CVM,0,,25,"Điều hòa tủ đứng",1,,VALID_PUBLIC_CATEGORY
1565,FVA125AMVM-RZF125CYM,0,,25,"Điều hòa tủ đứng",1,,VALID_PUBLIC_CATEGORY
1566,FVA125AMVM-RZF125DVM,0,,25,"Điều hòa tủ đứng",1,,VALID_PUBLIC_CATEGORY
1567,FVA125AMVM-RZF125DYM,0,,25,"Điều hòa tủ đứng",1,,VALID_PUBLIC_CATEGORY
1568,FVA140AMVM-RZA140DV1,0,,25,"Điều hòa tủ đứng",1,,VALID_PUBLIC_CATEGORY
1569,FVA140AMVM-RZA140DY1,0,,25,"Điều hòa tủ đứng",1,,VALID_PUBLIC_CATEGORY
1570,FVA140AMVM-RZF140CVM,0,,25,"Điều hòa tủ đứng",1,,VALID_PUBLIC_CATEGORY
1571,FVA140AMVM-RZF140CYM,0,,25,"Điều hòa tủ đứng",1,,VALID_PUBLIC_CATEGORY
1572,FVA140AMVM-RZF140DVM,0,,25,"Điều hòa tủ đứng",1,,VALID_PUBLIC_CATEGORY
1573,FVA140AMVM-RZF140DYM,0,,25,"Điều hòa tủ đứng",1,,VALID_PUBLIC_CATEGORY
1574,FVA50AMVM-RZA50DV2V,0,,25,"Điều hòa tủ đứng",1,,VALID_PUBLIC_CATEGORY
1575,FVA50AMVM-RZF50DVM,0,,25,"Điều hòa tủ đứng",1,,VALID_PUBLIC_CATEGORY
1576,FVA60AMVM-RZA60DV2V,0,,25,"Điều hòa tủ đứng",1,,VALID_PUBLIC_CATEGORY
1577,FVA60AMVM-RZF60DVM,0,,25,"Điều hòa tủ đứng",1,,VALID_PUBLIC_CATEGORY
1578,FVA71AMVM-RZA71DV1,0,,25,"Điều hòa tủ đứng",1,,VALID_PUBLIC_CATEGORY
1579,FVA71AMVM-RZF71DVM,0,,25,"Điều hòa tủ đứng",1,,VALID_PUBLIC_CATEGORY
1580,FVA71AMVM-RZF71DYM,0,,25,"Điều hòa tủ đứng",1,,VALID_PUBLIC_CATEGORY
1581,FVC100AV1V-RC100AGY1V,0,,25,"Điều hòa tủ đứng",1,,VALID_PUBLIC_CATEGORY
1582,FVC125AV1V-RC125AGY1V,0,,25,"Điều hòa tủ đứng",1,,VALID_PUBLIC_CATEGORY
1583,FVC140AV1V-RC140AGY1V,0,,25,"Điều hòa tủ đứng",1,,VALID_PUBLIC_CATEGORY
1584,FVC85AV1V-RC85AGV1V,0,,25,"Điều hòa tủ đứng",1,,VALID_PUBLIC_CATEGORY
1585,FVC85AV1V-RC85AGY1V,0,,25,"Điều hòa tủ đứng",1,,VALID_PUBLIC_CATEGORY
1586,FVFC100AV1-RZFC100AV19,0,,25,"Điều hòa tủ đứng",1,,VALID_PUBLIC_CATEGORY
1587,FVFC125AV1-RZFC125AY19,0,,25,"Điều hòa tủ đứng",1,,VALID_PUBLIC_CATEGORY
1588,FVFC140AV1-RZFC140AY19,0,,25,"Điều hòa tủ đứng",1,,VALID_PUBLIC_CATEGORY
1589,FVFC71AV1-RZFC71AGV19,0,,25,"Điều hòa tủ đứng",1,,VALID_PUBLIC_CATEGORY
1590,FVFC85AV1-RZFC85AV19,0,,25,"Điều hòa tủ đứng",1,,VALID_PUBLIC_CATEGORY
1591,FVGR10PV1-RCN100H(E)Y18,0,,25,"Điều hòa tủ đứng",1,,VALID_PUBLIC_CATEGORY
1592,FVGR13PV1-RCN125H(E)Y18,0,,25,"Điều hòa tủ đứng",1,,VALID_PUBLIC_CATEGORY
1593,FVGR15PV1-RCN150H(E)Y18,0,,25,"Điều hòa tủ đứng",1,,VALID_PUBLIC_CATEGORY
1594,FVGR8PV1-RN80H(E)Y18,0,,25,"Điều hòa tủ đứng",1,,VALID_PUBLIC_CATEGORY
