sku,model_code,capacity_class,published_kw,published_btu,kw_times_3412_btu,difference_percent,decision,source_pdf_page,source_printed_page
FBA100BVMA9-RZA100DV1,FBA100BVMA9/RZA100DV1,100,10.0,34100,34120.00,-0.0586,CONSISTENT_WITH_CONVERSION,59,116|117
FBA100BVMA9-RZA100DY1,FBA100BVMA9/RZA100DY1,100,10.0,34100,34120.00,-0.0586,CONSISTENT_WITH_CONVERSION,59,116|117
FBA100BVMA9-RZF100CVM,FBA100BVMA9/RZF100CVM,100,10.0,34100,34120.00,-0.0586,CONSISTENT_WITH_CONVERSION,56,110|111
FBA100BVMA9-RZF100CYM,FBA100BVMA9/RZF100CYM,100,10.0,34100,34120.00,-0.0586,CONSISTENT_WITH_CONVERSION,56,110|111
FBA100BVMA9-RZF100DVM,FBA100BVMA9/RZF100DVM,100,10.0,34100,34120.00,-0.0586,CONSISTENT_WITH_CONVERSION,56,110|111
FBA100BVMA9-RZF100DYM,FBA100BVMA9/RZF100DYM,100,10.0,34100,34120.00,-0.0586,CONSISTENT_WITH_CONVERSION,56,110|111
FBA125BVMA9-RZA125DV1,FBA125BVMA9/RZA125DV1,125,12.5,42700,42650.00,0.1172,CONSISTENT_WITH_CONVERSION,59,116|117
FBA125BVMA9-RZA125DY1,FBA125BVMA9/RZA125DY1,125,12.5,42700,42650.00,0.1172,CONSISTENT_WITH_CONVERSION,59,116|117
FBA125BVMA9-RZF125CVM,FBA125BVMA9/RZF125CVM,125,12.5,42700,42650.00,0.1172,CONSISTENT_WITH_CONVERSION,56,110|111
FBA125BVMA9-RZF125CYM,FBA125BVMA9/RZF125CYM,125,12.5,42700,42650.00,0.1172,CONSISTENT_WITH_CONVERSION,56,110|111
FBA125BVMA9-RZF125DVM,FBA125BVMA9/RZF125DVM,125,12.5,42700,42650.00,0.1172,CONSISTENT_WITH_CONVERSION,56,110|111
FBA125BVMA9-RZF125DYM,FBA125BVMA9/RZF125DYM,125,12.5,42700,42650.00,0.1172,CONSISTENT_WITH_CONVERSION,56,110|111
FBA140BVMA-RZA140DV1,FBA140BVMA/RZA140DV1,140,14.0,47800,47768.00,0.0670,CONSISTENT_WITH_CONVERSION,59,116|117
FBA140BVMA9-RZA140DY1,FBA140BVMA9/RZA140DY1,140,14.0,47800,47768.00,0.0670,CONSISTENT_WITH_CONVERSION,59,116|117
FBA140BVMA9-RZF140CVM,FBA140BVMA9/RZF140CVM,140,14.0,47800,47768.00,0.0670,CONSISTENT_WITH_CONVERSION,56,110|111
FBA140BVMA9-RZF140CYM,FBA140BVMA9/RZF140CYM,140,14.0,47800,47768.00,0.0670,CONSISTENT_WITH_CONVERSION,56,110|111
FBA140BVMA9-RZF140DVM,FBA140BVMA9/RZF140DVM,140,14.0,47800,47768.00,0.0670,CONSISTENT_WITH_CONVERSION,56,110|111
FBA140BVMA9-RZF140DYM,FBA140BVMA9/RZF140DYM,140,14.0,47800,47768.00,0.0670,CONSISTENT_WITH_CONVERSION,56,110|111
FBA50BVMA9-RZA50DV2V,FBA50BVMA9/RZA50DV2V,50,5.0,17100,17060.00,0.2345,CONSISTENT_WITH_CONVERSION,59,116|117
FBA50BVMA9-RZF50DVM,FBA50BVMA9/RZF50DVM,50,5.0,17100,17060.00,0.2345,CONSISTENT_WITH_CONVERSION,56,110|111
FBA60BVMA9-RZA60DV2V,FBA60BVMA9/RZA60DV2V,60,6.0,20500,20472.00,0.1368,CONSISTENT_WITH_CONVERSION,59,116|117
FBA60BVMA9-RZF60DVM,FBA60BVMA9/RZF60DVM,60,6.0,20500,20472.00,0.1368,CONSISTENT_WITH_CONVERSION,56,110|111
FBA71BVMA9-RZA71DV1,FBA71BVMA9/RZA71DV1,71,7.1,24200,24225.20,-0.1040,CONSISTENT_WITH_CONVERSION,59,116|117
FBA71BVMA9-RZF71DVM,FBA71BVMA9/RZF71DVM,71,7.1,24200,24225.20,-0.1040,CONSISTENT_WITH_CONVERSION,56,110|111
FBA71BVMA9-RZF71DYM,FBA71BVMA9/RZF71DYM,71,7.1,24200,24225.20,-0.1040,CONSISTENT_WITH_CONVERSION,56,110|111
FBFC100DVM9-RZFC100EVM,FBFC100DVM9/RZFC100EVM,100,10.0,34100,34120.00,-0.0586,CONSISTENT_WITH_CONVERSION,62,122|123
FBFC100DVM9-RZFC100EY1,FBFC100DVM9/RZFC100EY1,100,10.0,34100,34120.00,-0.0586,CONSISTENT_WITH_CONVERSION,62,122|123
FBFC125DVM9-RZFC125EY1,FBFC125DVM9/RZFC125EY1,125,12.5,42700,42650.00,0.1172,CONSISTENT_WITH_CONVERSION,62,122|123
FBFC140DVM9-RZFC140EY1,FBFC140DVM9/RZFC140EY1,140,14.0,47800,47768.00,0.0670,CONSISTENT_WITH_CONVERSION,62,122|123
FBFC40DVM9-RZFC40EVM,FBFC40DVM9/RZFC40EVM,40,4.0,13600,13648.00,-0.3517,CONSISTENT_WITH_CONVERSION,62,122|123
FBFC50DVM9-RZFC50EVM,FBFC50DVM9/RZFC50EVM,50,5.0,17000,17060.00,-0.3517,CONSISTENT_WITH_CONVERSION,62,122|123
FBFC60DVM9-RZFC60EVM,FBFC60DVM9/RZFC60EVM,60,6.0,20500,20472.00,0.1368,CONSISTENT_WITH_CONVERSION,62,122|123
FBFC71DVM9-RZFC71EVM,FBFC71DVM9/RZFC71EVM,71,7.1,24200,24225.20,-0.1040,CONSISTENT_WITH_CONVERSION,62,122|123
FBFC71DVM9-RZFC71EY1,FBFC71DVM9/RZFC71EY1,71,7.1,24200,24225.20,-0.1040,CONSISTENT_WITH_CONVERSION,62,122|123
FBFC85DVM9-RZFC85EVM,FBFC85DVM9/RZFC85EVM,85,8.5,29000,29002.00,-0.0069,CONSISTENT_WITH_CONVERSION,62,122|123
FBFC85DVM9-RZFC85EY1,FBFC85DVM9/RZFC85EY1,85,8.5,29000,29002.00,-0.0069,CONSISTENT_WITH_CONVERSION,62,122|123
FCC100AV1V-RC100AGY1V,FCC100AV1V/RC100AGY1V,100,10.55,36000,35996.60,0.0094,CONSISTENT_WITH_CONVERSION,64,126|127
FCC125AV1V-RC125AGY1V,FCC125AV1V/RC125AGY1V,125,12.31,42000,42001.72,-0.0041,CONSISTENT_WITH_CONVERSION,64,126|127
FCC140AV1V-RC140AGY1V,FCC140AV1V/RC140AGY1V,,14.07,48000,48006.84,-0.0142,CONSISTENT_WITH_CONVERSION,64,126|127
FCC50AV1V-RC50AGV1V,FCC50AV1V/RC50AGV1V,50,5.42,18500,18493.04,0.0376,CONSISTENT_WITH_CONVERSION,64,126|127
FCC60AV1V-RC60AGV1V,FCC60AV1V/RC60AGV1V,60,7.03,24000,23986.36,0.0569,CONSISTENT_WITH_CONVERSION,64,126|127
FCC85AV1V-RC85AGV1V,FCC85AV1V/RC85AGV1V,85,8.79,30000,29991.48,0.0284,CONSISTENT_WITH_CONVERSION,64,126|127
FCC85AV1V-RC85AGY1V,FCC85AV1V/RC85AGY1V,85,8.79,30000,29991.48,0.0284,CONSISTENT_WITH_CONVERSION,64,126|127
FCF100CVM-RZA100DV1,FCF100CVM/RZA100DV1,100,10.0,34100,34120.00,-0.0586,CONSISTENT_WITH_CONVERSION,59,116|117
FCF100CVM-RZA100DY1,FCF100CVM/RZA100DY1,100,10.0,34100,34120.00,-0.0586,CONSISTENT_WITH_CONVERSION,59,116|117
FCF100CVM-RZF100CVM,FCF100CVM/RZF100CVM,100,10.0,34100,34120.00,-0.0586,CONSISTENT_WITH_CONVERSION,55,108|109
FCF100CVM-RZF100CYM,FCF100CVM/RZF100CYM,100,10.0,34100,34120.00,-0.0586,CONSISTENT_WITH_CONVERSION,55,108|109
FCF100CVM-RZF100DVM,FCF100CVM/RZF100DVM,100,10.0,34100,34120.00,-0.0586,CONSISTENT_WITH_CONVERSION,55,108|109
FCF100CVM-RZF100DYM,FCF100CVM/RZF100DYM,100,10.0,34100,34120.00,-0.0586,CONSISTENT_WITH_CONVERSION,55,108|109
FCF125CVM-RZA125DV1,FCF125CVM/RZA125DV1,125,12.5,42700,42650.00,0.1172,CONSISTENT_WITH_CONVERSION,59,116|117
FCF125CVM-RZA125DY1,FCF125CVM/RZA125DY1,125,12.5,42700,42650.00,0.1172,CONSISTENT_WITH_CONVERSION,59,116|117
FCF125CVM-RZF125CVM,FCF125CVM/RZF125CVM,125,12.5,42700,42650.00,0.1172,CONSISTENT_WITH_CONVERSION,55,108|109
FCF125CVM-RZF125CYM,FCF125CVM/RZF125CYM,125,12.5,42700,42650.00,0.1172,CONSISTENT_WITH_CONVERSION,55,108|109
FCF125DVM-RZF125DVM,FCF125DVM/RZF125DVM,125,12.5,42700,42650.00,0.1172,CONSISTENT_WITH_CONVERSION,55,108|109
FCF125DVM-RZF125DYM,FCF125DVM/RZF125DYM,125,12.5,42700,42650.00,0.1172,CONSISTENT_WITH_CONVERSION,55,108|109
FCF140CVM-RZA140DV1,FCF140CVM/RZA140DV1,140,14.0,47800,47768.00,0.0670,CONSISTENT_WITH_CONVERSION,59,116|117
FCF140CVM-RZA140DY1,FCF140CVM/RZA140DY1,140,14.0,47800,47768.00,0.0670,CONSISTENT_WITH_CONVERSION,59,116|117
FCF140CVM-RZF140CVM,FCF140CVM/RZF140CVM,140,14.0,47800,47768.00,0.0670,CONSISTENT_WITH_CONVERSION,55,108|109
FCF140CVM-RZF140CYM,FCF140CVM/RZF140CYM,140,14.0,47800,47768.00,0.0670,CONSISTENT_WITH_CONVERSION,55,108|109
FCF140DVM-RZF140DVM,FCF140DVM/RZF140DVM,140,14.0,47800,47768.00,0.0670,CONSISTENT_WITH_CONVERSION,55,108|109
FCF140DVM-RZF140DYM,FCF140DVM/RZF140DYM,140,14.0,47800,47768.00,0.0670,CONSISTENT_WITH_CONVERSION,55,108|109
FCF50CVM-RZA50DV2V,FCF50CVM/RZA50DV2V,50,5.0,17100,17060.00,0.2345,CONSISTENT_WITH_CONVERSION,59,116|117
FCF50CVM-RZF50DVM,FCF50CVM/RZF50DVM,50,5.0,17100,17060.00,0.2345,CONSISTENT_WITH_CONVERSION,55,108|109
FCF60CVM-RZA60DV2V,FCF60CVM/RZA60DV2V,60,6.0,20500,20472.00,0.1368,CONSISTENT_WITH_CONVERSION,59,116|117
FCF60CVM-RZF60DVM,FCF60CVM/RZF60DVM,60,6.0,20500,20472.00,0.1368,CONSISTENT_WITH_CONVERSION,55,108|109
FCF71CVM-RZA71DV1,FCF71CVM/RZA71DV1,71,7.1,24200,24225.20,-0.1040,CONSISTENT_WITH_CONVERSION,59,116|117
FCF71CVM-RZF71DVM,FCF71CVM/RZF71DVM,71,7.1,24200,24225.20,-0.1040,CONSISTENT_WITH_CONVERSION,55,108|109
FCF71CVM-RZF71DYM,FCF71CVM/RZF71DYM,71,7.1,24200,24225.20,-0.1040,CONSISTENT_WITH_CONVERSION,55,108|109
FCFC100DVM-RZFC100EVM,FCFC100DVM/RZFC100EVM,100,10.0,34100,34120.00,-0.0586,CONSISTENT_WITH_CONVERSION,61,120|121
FCFC100DVM-RZFC100EY1,FCFC100DVM/RZFC100EY1,100,10.0,34100,34120.00,-0.0586,CONSISTENT_WITH_CONVERSION,61,120|121
FCFC125DVM-RZFC125EY1,FCFC125DVM/RZFC125EY1,125,12.5,42700,42650.00,0.1172,CONSISTENT_WITH_CONVERSION,61,120|121
FCFC140DVM-RZFC140EY1,FCFC140DVM/RZFC140EY1,140,14.0,47800,47768.00,0.0670,CONSISTENT_WITH_CONVERSION,61,120|121
FCFC40DVM-RZFC40EVM,FCFC40DVM/RZFC40EVM,40,4.0,13600,13648.00,-0.3517,CONSISTENT_WITH_CONVERSION,61,120|121
FCFC50DVM-RZFC50EVM,FCFC50DVM/RZFC50EVM,50,5.0,17100,17060.00,0.2345,CONSISTENT_WITH_CONVERSION,61,120|121
FCFC60DVM-RZFC60EVM,FCFC60DVM/RZFC60EVM,60,6.0,20500,20472.00,0.1368,CONSISTENT_WITH_CONVERSION,61,120|121
FCFC71DVM-RZFC71EVM,FCFC71DVM/RZFC71EVM,71,7.1,24200,24225.20,-0.1040,CONSISTENT_WITH_CONVERSION,61,120|121
FCFC71DVM-RZFC71EY1,FCFC71DVM/RZFC71EY1,71,7.1,24200,24225.20,-0.1040,CONSISTENT_WITH_CONVERSION,61,120|121
FCFC85DVM-RZFC85EVM,FCFC85DVM/RZFC85EVM,85,8.5,29000,29002.00,-0.0069,CONSISTENT_WITH_CONVERSION,61,120|121
FCFC85DVM-RZFC85EY1,FCFC85DVM/RZFC85EY1,85,8.5,29000,29002.00,-0.0069,CONSISTENT_WITH_CONVERSION,61,120|121
FCFG100AV1V-RZFC100AV19,FCFG100AV1V/RZFC100AV19,100,10.55,36000,35996.60,0.0094,CONSISTENT_WITH_CONVERSION,61,120|121
FCFG125AV1V-RZFC125AY19,FCFG125AV1V/RZFC125AY19,125,12.31,42000,42001.72,-0.0041,CONSISTENT_WITH_CONVERSION,61,120|121
FCFG140AV1V-RZFC140AY19,FCFG140AV1V/RZFC140AY19,101040,14.07,48000,48006.84,-0.0142,CONSISTENT_WITH_CONVERSION,61,120|121
FCFG50AV1V-RZFC50AV1V,FCFG50AV1V/RZFC50AV1V,50,5.42,18500,18493.04,0.0376,CONSISTENT_WITH_CONVERSION,61,120|121
FCFG60AV1V-RZFC60AGV19,FCFG60AV1V/RZFC60AGV19,60,6.0,20500,20472.00,0.1368,CONSISTENT_WITH_CONVERSION,61,120|121
FCFG71AV1V-RZFC71AGV19,FCFG71AV1V/RZFC71AGV19,71,7.1,24200,24225.20,-0.1040,CONSISTENT_WITH_CONVERSION,61,120|121
FCFG85AV1V-RZFC85AGV19,FCFG85AV1V/RZFC85AGV19,85,8.79,30000,29991.48,0.0284,CONSISTENT_WITH_CONVERSION,61,120|121
FCNQ13MV1-RNQ13MV1,FCNQ13MV1/RNQ13MV1,13,3.8,13000,12965.60,0.2653,CONSISTENT_WITH_CONVERSION,64,126|127
FCNQ18MV1-RNQ18MV19,FCNQ18MV1/RNQ18MV19,18,5.3,18000,18083.60,-0.4623,CONSISTENT_WITH_CONVERSION,64,126|127
FCNQ21MV1-RNQ21MV19,FCNQ21MV1/RNQ21MV19,21,6.2,21000,21154.40,-0.7299,CONSISTENT_WITH_CONVERSION,64,126|127
FCNQ26MV1-RNQ26MV19,FCNQ26MV1/RNQ26MV19,26,7.6,26000,25931.20,0.2653,CONSISTENT_WITH_CONVERSION,64,126|127
FCNQ26MV1-RNQ26MY1,FCNQ26MV1/RNQ26MY1,26,7.6,26000,25931.20,0.2653,CONSISTENT_WITH_CONVERSION,64,126|127
FCNQ30MV1-RNQ30MV1,FCNQ30MV1/RNQ30MV1,30,8.8,30000,30025.60,-0.0853,CONSISTENT_WITH_CONVERSION,64,126|127
FCNQ30MV1-RNQ30MY1,FCNQ30MV1/RNQ30MY1,30,8.8,30000,30025.60,-0.0853,CONSISTENT_WITH_CONVERSION,64,126|127
FCNQ36MV1-RNQ36MV1,FCNQ36MV1/RNQ36MV1,36,10.6,36000,36167.20,-0.4623,CONSISTENT_WITH_CONVERSION,64,126|127
FCNQ36MV1-RNQ36MY1,FCNQ36MV1/RNQ36MY1,36,10.6,36000,36167.20,-0.4623,CONSISTENT_WITH_CONVERSION,64,126|127
FCNQ42MV1-RNQ42MY1,FCNQ42MV1/RNQ42MY1,42,12.5,42600,42650.00,-0.1172,CONSISTENT_WITH_CONVERSION,64,126|127
FCNQ48MV1-RNQ48MY1,FCNQ48MV1/RNQ48MY1,48,14.1,48000,48109.20,-0.2270,CONSISTENT_WITH_CONVERSION,64,126|127
FCTF100AVM-RZA100DV1,FCTF100AVM/RZA100DV1,100,10.0,34100,34120.00,-0.0586,CONSISTENT_WITH_CONVERSION,59,116|117
FCTF100AVM-RZA100DY1,FCTF100AVM/RZA100DY1,100,10.0,34100,34120.00,-0.0586,CONSISTENT_WITH_CONVERSION,59,116|117
FCTF100AVM-RZF100CVM,FCTF100AVM/RZF100CVM,100,10.0,34100,34120.00,-0.0586,CONSISTENT_WITH_CONVERSION,55,108|109
FCTF100AVM-RZF100CYM,FCTF100AVM/RZF100CYM,100,10.0,34100,34120.00,-0.0586,CONSISTENT_WITH_CONVERSION,55,108|109
FCTF100AVM-RZF100DVM,FCTF100AVM/RZF100DVM,100,10.0,34100,34120.00,-0.0586,CONSISTENT_WITH_CONVERSION,55,108|109
FCTF100AVM-RZF100DYM,FCTF100AVM/RZF100DYM,100,10.0,34100,34120.00,-0.0586,CONSISTENT_WITH_CONVERSION,55,108|109
FCTF125AVM-RZA125DV1,FCTF125AVM/RZA125DV1,125,12.5,42700,42650.00,0.1172,CONSISTENT_WITH_CONVERSION,59,116|117
FCTF125AVM-RZA125DY1,FCTF125AVM/RZA125DY1,125,12.5,42700,42650.00,0.1172,CONSISTENT_WITH_CONVERSION,59,116|117
FCTF125AVM-RZF125CVM,FCTF125AVM/RZF125CVM,125,12.5,42700,42650.00,0.1172,CONSISTENT_WITH_CONVERSION,55,108|109
FCTF125AVM-RZF125CYM,FCTF125AVM/RZF125CYM,125,12.5,42700,42650.00,0.1172,CONSISTENT_WITH_CONVERSION,55,108|109
FCTF125BVM-RZF125DVM,FCTF125BVM/RZF125DVM,125,12.5,42700,42650.00,0.1172,CONSISTENT_WITH_CONVERSION,55,108|109
FCTF125BVM-RZF125DYM,FCTF125BVM/RZF125DYM,125,12.5,42700,42650.00,0.1172,CONSISTENT_WITH_CONVERSION,55,108|109
FCTF140AVM-RZA140DV1,FCTF140AVM/RZA140DV1,140,14.0,47800,47768.00,0.0670,CONSISTENT_WITH_CONVERSION,59,116|117
FCTF140AVM-RZA140DY1,FCTF140AVM/RZA140DY1,140,14.0,47800,47768.00,0.0670,CONSISTENT_WITH_CONVERSION,59,116|117
FCTF140AVM-RZF140CVM,FCTF140AVM/RZF140CVM,140,14.0,47800,47768.00,0.0670,CONSISTENT_WITH_CONVERSION,55,108|109
FCTF140AVM-RZF140CYM,FCTF140AVM/RZF140CYM,140,14.0,47800,47768.00,0.0670,CONSISTENT_WITH_CONVERSION,55,108|109
FCTF140BVM-RZF140DVM,FCTF140BVM/RZF140DVM,140,14.0,47800,47768.00,0.0670,CONSISTENT_WITH_CONVERSION,55,108|109
FCTF140BVM-RZF140DYM,FCTF140BVM/RZF140DYM,140,14.0,47800,47768.00,0.0670,CONSISTENT_WITH_CONVERSION,55,108|109
FCTF50AVM-RZA50DV2V,FCTF50AVM/RZA50DV2V,50,5.0,17100,17060.00,0.2345,CONSISTENT_WITH_CONVERSION,59,116|117
FCTF50AVM-RZF50DVM,FCTF50AVM/RZF50DVM,50,5.0,17100,17060.00,0.2345,CONSISTENT_WITH_CONVERSION,55,108|109
FCTF60AVM-RZA60DV2V,FCTF60AVM/RZA60DV2V,60,6.0,20500,20472.00,0.1368,CONSISTENT_WITH_CONVERSION,59,116|117
FCTF60AVM-RZF60DVM,FCTF60AVM/RZF60DVM,60,6.0,20500,20472.00,0.1368,CONSISTENT_WITH_CONVERSION,55,108|109
FCTF71AVM-RZA71DV1,FCTF71AVM/RZA71DV1,71,7.1,24200,24225.20,-0.1040,CONSISTENT_WITH_CONVERSION,59,116|117
FCTF71AVM-RZF71DVM,FCTF71AVM/RZF71DVM,71,7.1,24200,24225.20,-0.1040,CONSISTENT_WITH_CONVERSION,55,108|109
FCTF71AVM-RZF71DYM,FCTF71AVM/RZF71DYM,71,7.1,24200,24225.20,-0.1040,CONSISTENT_WITH_CONVERSION,55,108|109
FDBNQ09MV1V-RNQ09MV1V,FDBNQ09MV1V/RNQ09MV1V,09,2.7,9200,9212.40,-0.1346,CONSISTENT_WITH_CONVERSION,64,126|127
FDBNQ13MV1V-RNQ13MV1V,FDBNQ13MV1V/RNQ13MV1V,13,3.8,13000,12965.60,0.2653,CONSISTENT_WITH_CONVERSION,64,126|127
FDBNQ18MV1V-RNQ18MV1V,FDBNQ18MV1V/RNQ18MV1V,18,5.2,17700,17742.40,-0.2390,CONSISTENT_WITH_CONVERSION,64,126|127
FDBNQ21MV1V-RNQ21MV1V,FDBNQ21MV1V/RNQ21MV1V,21,6.2,21000,21154.40,-0.7299,CONSISTENT_WITH_CONVERSION,64,126|127
FDBNQ24MV1V-RNQ24MV1V,FDBNQ24MV1V/RNQ24MV1V,24,7.1,24200,24225.20,-0.1040,CONSISTENT_WITH_CONVERSION,64,126|127
FDBNQ26MV1-RNQ26MY1,FDBNQ26MV1/RNQ26MY1,26,7.6,26000,25931.20,0.2653,CONSISTENT_WITH_CONVERSION,64,126|127
FDLF40DV1-RZFC40EVM,FDLF40DV1/RZFC40EVM,40,4.0,13600,13648.00,-0.3517,CONSISTENT_WITH_CONVERSION,62,122|123
FDLF50DV1-RZFC50EVM,FDLF50DV1/RZFC50EVM,50,5.0,17000,17060.00,-0.3517,CONSISTENT_WITH_CONVERSION,62,122|123
FDLF60DV1-RZFC60EVM,FDLF60DV1/RZFC60EVM,60,6.0,20500,20472.00,0.1368,CONSISTENT_WITH_CONVERSION,62,122|123
FDLF71DV1-RZFC71EVM,FDLF71DV1/RZFC71EVM,71,7.1,24200,24225.20,-0.1040,CONSISTENT_WITH_CONVERSION,62,122|123
FDLF71DV1-RZFC71EY1,FDLF71DV1/RZFC71EY1,71,7.1,24200,24225.20,-0.1040,CONSISTENT_WITH_CONVERSION,62,122|123
FDLF85DV1-RZFC85EVM,FDLF85DV1/RZFC85EVM,85,8.5,29000,29002.00,-0.0069,CONSISTENT_WITH_CONVERSION,62,122|123
FDLF85DV1-RZFC85EY1,FDLF85DV1/RZFC85EY1,85,8.5,29000,29002.00,-0.0069,CONSISTENT_WITH_CONVERSION,62,122|123
FDMNQ26MV1-RNQ26MV19,FDMNQ26MV1/RNQ26MV19,26,7.6,26000,25931.20,0.2653,CONSISTENT_WITH_CONVERSION,64,126|127
FDMNQ26MV1-RNQ26MY1,FDMNQ26MV1/RNQ26MY1,26,7.6,26000,25931.20,0.2653,CONSISTENT_WITH_CONVERSION,64,126|127
FDMNQ30MV1-RNQ30MV1,FDMNQ30MV1/RNQ30MV1,30,8.8,30000,30025.60,-0.0853,CONSISTENT_WITH_CONVERSION,64,126|127
FDMNQ30MV1-RNQ30MY1,FDMNQ30MV1/RNQ30MY1,30,8.8,30000,30025.60,-0.0853,CONSISTENT_WITH_CONVERSION,64,126|127
FDMNQ36MV1-RNQ36MV1,FDMNQ36MV1/RNQ36MV1,36,10.6,36000,36167.20,-0.4623,CONSISTENT_WITH_CONVERSION,64,126|127
FDMNQ36MV1-RNQ36MY1,FDMNQ36MV1/RNQ36MY1,36,10.6,36000,36167.20,-0.4623,CONSISTENT_WITH_CONVERSION,64,126|127
FDMNQ42MV1-RNQ42MY1,FDMNQ42MV1/RNQ42MY1,42,12.3,42000,41967.60,0.0772,CONSISTENT_WITH_CONVERSION,64,126|127
FDMNQ48MV1-RNQ48MY1,FDMNQ48MV1/RNQ48MY1,48,14.1,48000,48109.20,-0.2270,CONSISTENT_WITH_CONVERSION,64,126|127
FFFC35AVM-RZFC35EVM,FFFC35AVM/RZFC35EVM,35,3.5,11900,11942.00,-0.3517,CONSISTENT_WITH_CONVERSION,61,120|121
FFFC50AVM-RZFC50EVM,FFFC50AVM/RZFC50EVM,50,5.0,17100,17060.00,0.2345,CONSISTENT_WITH_CONVERSION,61,120|121
FFFC60AVM-RZFC60EVM,FFFC60AVM/RZFC60EVM,60,6.0,20500,20472.00,0.1368,CONSISTENT_WITH_CONVERSION,61,120|121
FFFC71AVM-RZFC71EVM,FFFC71AVM/RZFC71EVM,71,7.1,24200,24225.20,-0.1040,CONSISTENT_WITH_CONVERSION,61,120|121
FHA100CVMV-RZA100DV1,FHA100CVMV/RZA100DV1,100,10.0,34100,34120.00,-0.0586,CONSISTENT_WITH_CONVERSION,60,118|119
FHA100CVMV-RZA100DY1,FHA100CVMV/RZA100DY1,100,10.0,34100,34120.00,-0.0586,CONSISTENT_WITH_CONVERSION,60,118|119
FHA100CVMV-RZF100CVM,FHA100CVMV/RZF100CVM,100,10.0,34100,34120.00,-0.0586,CONSISTENT_WITH_CONVERSION,58,114|115
FHA100CVMV-RZF100CYM,FHA100CVMV/RZF100CYM,100,10.0,34100,34120.00,-0.0586,CONSISTENT_WITH_CONVERSION,58,114|115
FHA125CVMA-RZA125DV1,FHA125CVMA/RZA125DV1,125,12.5,42700,42650.00,0.1172,CONSISTENT_WITH_CONVERSION,60,118|119
FHA125CVMA-RZA125DY1,FHA125CVMA/RZA125DY1,125,12.5,42700,42650.00,0.1172,CONSISTENT_WITH_CONVERSION,60,118|119
FHA125CVMA-RZF125CVM,FHA125CVMA/RZF125CVM,125,12.5,42700,42650.00,0.1172,CONSISTENT_WITH_CONVERSION,58,114|115
FHA125CVMA-RZF125CYM,FHA125CVMA/RZF125CYM,125,12.5,42700,42650.00,0.1172,CONSISTENT_WITH_CONVERSION,58,114|115
FHA140CVMA-RZA140DV1,FHA140CVMA/RZA140DV1,140,14.0,47800,47768.00,0.0670,CONSISTENT_WITH_CONVERSION,60,118|119
FHA140CVMA-RZA140DY1,FHA140CVMA/RZA140DY1,140,14.0,47800,47768.00,0.0670,CONSISTENT_WITH_CONVERSION,60,118|119
FHA140CVMA-RZF140CVM,FHA140CVMA/RZF140CVM,140,14.0,47800,47768.00,0.0670,CONSISTENT_WITH_CONVERSION,58,114|115
FHA140CVMA-RZF140CYM,FHA140CVMA/RZF140CYM,140,14.0,47800,47768.00,0.0670,CONSISTENT_WITH_CONVERSION,58,114|115
FHA50CVMV-RZA50DV2V,FHA50CVMV/RZA50DV2V,50,5.0,17100,17060.00,0.2345,CONSISTENT_WITH_CONVERSION,60,118|119
FHA50DVMV-RZF50DVM,FHA50DVMV/RZF50DVM,50,5.0,17100,17060.00,0.2345,CONSISTENT_WITH_CONVERSION,58,114|115
FHA60CVMV-RZA60DV2V,FHA60CVMV/RZA60DV2V,60,6.0,20500,20472.00,0.1368,CONSISTENT_WITH_CONVERSION,60,118|119
FHA60DVMV-RZF60DVM,FHA60DVMV/RZF60DVM,60,6.0,20500,20472.00,0.1368,CONSISTENT_WITH_CONVERSION,58,114|115
FHA71CVMV-RZA71DV1,FHA71CVMV/RZA71DV1,71,7.1,24200,24225.20,-0.1040,CONSISTENT_WITH_CONVERSION,60,118|119
FHA71DVMV-RZF71DVM,FHA71DVMV/RZF71DVM,71,7.1,24200,24225.20,-0.1040,CONSISTENT_WITH_CONVERSION,58,114|115
FHA71DVMV-RZF71DYM,FHA71DVMV/RZF71DYM,71,7.1,24200,24225.20,-0.1040,CONSISTENT_WITH_CONVERSION,58,114|115
FHFC100EV1-RZFC100EVM,FHFC100EV1/RZFC100EVM,100,10.0,34100,34120.00,-0.0586,CONSISTENT_WITH_CONVERSION,63,124|125
FHFC100EV1-RZFC100EY1,FHFC100EV1/RZFC100EY1,100,10.0,34100,34120.00,-0.0586,CONSISTENT_WITH_CONVERSION,63,124|125
FHFC125EV1-RZFC125EY1,FHFC125EV1/RZFC125EY1,125,12.5,42700,42650.00,0.1172,CONSISTENT_WITH_CONVERSION,63,124|125
FHFC140EV1-RZFC140EY1,FHFC140EV1/RZFC140EY1,140,14.0,47800,47768.00,0.0670,CONSISTENT_WITH_CONVERSION,63,124|125
FHFC40EV1-RZFC40EVM,FHFC40EV1/RZFC40EVM,40,4.0,13600,13648.00,-0.3517,CONSISTENT_WITH_CONVERSION,63,124|125
FHFC50EV1-RZFC50EVM,FHFC50EV1/RZFC50EVM,50,5.0,17100,17060.00,0.2345,CONSISTENT_WITH_CONVERSION,63,124|125
FHFC60EV1-RZFC60EVM,FHFC60EV1/RZFC60EVM,60,6.0,20500,20472.00,0.1368,CONSISTENT_WITH_CONVERSION,63,124|125
FHFC71EV1-RZFC71EVM,FHFC71EV1/RZFC71EVM,71,7.1,24200,24225.20,-0.1040,CONSISTENT_WITH_CONVERSION,63,124|125
FHFC71EV1-RZFC71EY1,FHFC71EV1/RZFC71EY1,71,7.1,24200,24225.20,-0.1040,CONSISTENT_WITH_CONVERSION,63,124|125
FHFC85EV1-RZFC85EVM,FHFC85EV1/RZFC85EVM,85,8.5,29000,29002.00,-0.0069,CONSISTENT_WITH_CONVERSION,63,124|125
FHFC85EV1-RZFC85EY1,FHFC85EV1/RZFC85EY1,85,8.5,29000,29002.00,-0.0069,CONSISTENT_WITH_CONVERSION,63,124|125
FHNQ13MV1V-RNQ13MV1V,FHNQ13MV1V/RNQ13MV1V,13,3.8,13000,12965.60,0.2653,CONSISTENT_WITH_CONVERSION,65,128|129
FHNQ18MV1V-RNQ18MV1V,FHNQ18MV1V/RNQ18MV1V,18,5.3,18000,18083.60,-0.4623,CONSISTENT_WITH_CONVERSION,65,128|129
FHNQ21MV1V-RNQ21MV1V,FHNQ21MV1V/RNQ21MV1V,21,6.2,21000,21154.40,-0.7299,CONSISTENT_WITH_CONVERSION,65,128|129
FHNQ24MV1V-RNQ24MV1V,FHNQ24MV1V/RNQ24MV1V,24,7.1,24200,24225.20,-0.1040,CONSISTENT_WITH_CONVERSION,65,128|129
FHNQ26MV1-RNQ26MY1,FHNQ26MV1/RNQ26MY1,26,7.6,26000,25931.20,0.2653,CONSISTENT_WITH_CONVERSION,65,128|129
FHNQ30MV1V-RNQ30MV1V,FHNQ30MV1V/RNQ30MV1V,30,8.8,30000,30025.60,-0.0853,CONSISTENT_WITH_CONVERSION,65,128|129
FHNQ36MV1V-RNQ36MV1V,FHNQ36MV1V/RNQ36MV1V,36,10.1,34500,34461.20,0.1126,CONSISTENT_WITH_CONVERSION,65,128|129
FHNQ42MV1-RNQ42MY1,FHNQ42MV1/RNQ42MY1,42,12.3,42000,41967.60,0.0772,CONSISTENT_WITH_CONVERSION,65,128|129
FHNQ48MV1-RNQ48MY1,FHNQ48MV1/RNQ48MY1,48,14.1,48000,48109.20,-0.2270,CONSISTENT_WITH_CONVERSION,65,128|129
FVA100AMVM-RZA100DV1,FVA100AMVM/RZA100DV1,100,10.0,34100,34120.00,-0.0586,CONSISTENT_WITH_CONVERSION,60,118|119
FVA100AMVM-RZA100DY1,FVA100AMVM/RZA100DY1,100,10.0,34100,34120.00,-0.0586,CONSISTENT_WITH_CONVERSION,60,118|119
FVA100AMVM-RZF100CVM,FVA100AMVM/RZF100CVM,100,10.0,34100,34120.00,-0.0586,CONSISTENT_WITH_CONVERSION,57,112|113
FVA100AMVM-RZF100CYM,FVA100AMVM/RZF100CYM,100,10.0,34100,34120.00,-0.0586,CONSISTENT_WITH_CONVERSION,57,112|113
FVA100AMVM-RZF100DVM,FVA100AMVM/RZF100DVM,100,10.0,34100,34120.00,-0.0586,CONSISTENT_WITH_CONVERSION,57,112|113
FVA100AMVM-RZF100DYM,FVA100AMVM/RZF100DYM,100,10.0,34100,34120.00,-0.0586,CONSISTENT_WITH_CONVERSION,57,112|113
FVA125AMVM-RZA125DV1,FVA125AMVM/RZA125DV1,125,12.5,42700,42650.00,0.1172,CONSISTENT_WITH_CONVERSION,60,118|119
FVA125AMVM-RZA125DY1,FVA125AMVM/RZA125DY1,125,12.5,42700,42650.00,0.1172,CONSISTENT_WITH_CONVERSION,60,118|119
FVA125AMVM-RZF125CVM,FVA125AMVM/RZF125CVM,125,12.5,42700,42650.00,0.1172,CONSISTENT_WITH_CONVERSION,57,112|113
FVA125AMVM-RZF125CYM,FVA125AMVM/RZF125CYM,125,12.5,42700,42650.00,0.1172,CONSISTENT_WITH_CONVERSION,57,112|113
FVA125AMVM-RZF125DVM,FVA125AMVM/RZF125DVM,125,12.5,42700,42650.00,0.1172,CONSISTENT_WITH_CONVERSION,57,112|113
FVA125AMVM-RZF125DYM,FVA125AMVM/RZF125DYM,125,12.5,42700,42650.00,0.1172,CONSISTENT_WITH_CONVERSION,57,112|113
FVA140AMVM-RZA140DV1,FVA140AMVM/RZA140DV1,140,14.0,47800,47768.00,0.0670,CONSISTENT_WITH_CONVERSION,60,118|119
FVA140AMVM-RZA140DY1,FVA140AMVM/RZA140DY1,140,14.0,47800,47768.00,0.0670,CONSISTENT_WITH_CONVERSION,60,118|119
FVA140AMVM-RZF140CVM,FVA140AMVM/RZF140CVM,140,14.0,47800,47768.00,0.0670,CONSISTENT_WITH_CONVERSION,57,112|113
FVA140AMVM-RZF140CYM,FVA140AMVM/RZF140CYM,140,14.0,47800,47768.00,0.0670,CONSISTENT_WITH_CONVERSION,57,112|113
FVA140AMVM-RZF140DVM,FVA140AMVM/RZF140DVM,140,14.0,47800,47768.00,0.0670,CONSISTENT_WITH_CONVERSION,57,112|113
FVA140AMVM-RZF140DYM,FVA140AMVM/RZF140DYM,140,14.0,47800,47768.00,0.0670,CONSISTENT_WITH_CONVERSION,57,112|113
FVA50AMVM-RZA50DV2V,FVA50AMVM/RZA50DV2V,50,5.0,17100,17060.00,0.2345,CONSISTENT_WITH_CONVERSION,60,118|119
FVA50AMVM-RZF50DVM,FVA50AMVM/RZF50DVM,50,5.0,17100,17060.00,0.2345,CONSISTENT_WITH_CONVERSION,57,112|113
FVA60AMVM-RZA60DV2V,FVA60AMVM/RZA60DV2V,60,6.0,20500,20472.00,0.1368,CONSISTENT_WITH_CONVERSION,60,118|119
FVA60AMVM-RZF60DVM,FVA60AMVM/RZF60DVM,60,6.0,20500,20472.00,0.1368,CONSISTENT_WITH_CONVERSION,57,112|113
FVA71AMVM-RZA71DV1,FVA71AMVM/RZA71DV1,71,7.1,24200,24225.20,-0.1040,CONSISTENT_WITH_CONVERSION,60,118|119
FVA71AMVM-RZF71DVM,FVA71AMVM/RZF71DVM,71,7.1,24200,24225.20,-0.1040,CONSISTENT_WITH_CONVERSION,57,112|113
FVA71AMVM-RZF71DYM,FVA71AMVM/RZF71DYM,71,7.1,24200,24225.20,-0.1040,CONSISTENT_WITH_CONVERSION,57,112|113
FVC100AV1V-RC100AGY1V,FVC100AV1V/RC100AGY1V,100,10.55,36000,35996.60,0.0094,CONSISTENT_WITH_CONVERSION,65,128|129
FVC125AV1V-RC125AGY1V,FVC125AV1V/RC125AGY1V,125,12.31,42000,42001.72,-0.0041,CONSISTENT_WITH_CONVERSION,65,128|129
FVC140AV1V-RC140AGY1V,FVC140AV1V/RC140AGY1V,140,14.07,48000,48006.84,-0.0142,CONSISTENT_WITH_CONVERSION,65,128|129
FVC85AV1V-RC85AGV1V,FVC85AV1V/RC85AGV1V,85,8.5,29000,29002.00,-0.0069,CONSISTENT_WITH_CONVERSION,65,128|129
FVC85AV1V-RC85AGY1V,FVC85AV1V/RC85AGY1V,85,8.5,29000,29002.00,-0.0069,CONSISTENT_WITH_CONVERSION,65,128|129
FVFC100AV1-RZFC100AV19,FVFC100AV1/RZFC100AV19,100,10.0,34100,34120.00,-0.0586,CONSISTENT_WITH_CONVERSION,63,124|125
FVFC125AV1-RZFC125AY19,FVFC125AV1/RZFC125AY19,125,12.5,42700,42650.00,0.1172,CONSISTENT_WITH_CONVERSION,63,124|125
FVFC140AV1-RZFC140AY19,FVFC140AV1/RZFC140AY19,140,13.6,46500,46403.20,0.2086,CONSISTENT_WITH_CONVERSION,63,124|125
FVFC71AV1-RZFC71AGV19,FVFC71AV1/RZFC71AGV19,71,7.1,24200,24225.20,-0.1040,CONSISTENT_WITH_CONVERSION,63,124|125
FVFC85AV1-RZFC85AV19,FVFC85AV1/RZFC85AV19,85,8.5,29000,29002.00,-0.0069,CONSISTENT_WITH_CONVERSION,63,124|125
FVGR10PV1-RCN100H(E)Y18,FVGR10PV1/RCN100H(E)Y18,10,29.3,100000,99971.60,0.0284,CONSISTENT_WITH_CONVERSION,65,128|129
FVGR13PV1-RCN125H(E)Y18,FVGR13PV1/RCN125H(E)Y18,13,35.5,121000,121126.00,-0.1040,CONSISTENT_WITH_CONVERSION,65,128|129
FVGR15PV1-RCN150H(E)Y18,FVGR15PV1/RCN150H(E)Y18,15,44.8,153000,152857.60,0.0932,CONSISTENT_WITH_CONVERSION,65,128|129
FVGR8PV1-RN80H(E)Y18,FVGR8PV1/RN80H(E)Y18,8,23.5,80000,80182.00,-0.2270,CONSISTENT_WITH_CONVERSION,65,128|129
