sheet,source_row,model_code,remote_model,panel_model,source_text,remote_options,remote_classification,panel_options,panel_classification,row_classification
HP INV,166,FBA100BVMA9/RZA100DV1,BRC1E63,,"FBA100BVMA9 / RZA100DV1 + BRC1E63 10.0
(3.2-11.2) 34,100
(10,900-38,200) 11.2
(3.5-12.5) 38,200
(11,900-42,700) Bộ",BRC1E63|BRC4C65,COMPATIBILITY_ONLY,,NO_SOURCE_EVIDENCE,BUNDLE_ASSIGNMENT
HP INV,205,FBA100BVMA9/RZA100DV1,BRC4C65,,"FBA100BVMA9 / RZA100DV1 + BRC4C65 10.0
(3.2-11.2) 34,100
(10,900-38,200) 11.2
(3.5-12.5) 38,200
(11,900-42,700) Bộ",BRC1E63|BRC4C65,COMPATIBILITY_ONLY,,NO_SOURCE_EVIDENCE,BUNDLE_ASSIGNMENT
HP INV,179,FBA100BVMA9/RZA100DY1,BRC1E63,,"FBA100BVMA9 / RZA100DY1 + BRC1E63 10.0
(5.0-11.2) 34,100
(17,100-38,200) 11.2
(5.1-12.5) 38,200
(17,400-42,700) Bộ",BRC1E63|BRC4C65,COMPATIBILITY_ONLY,,NO_SOURCE_EVIDENCE,BUNDLE_ASSIGNMENT
HP INV,218,FBA100BVMA9/RZA100DY1,BRC4C65,,"FBA100BVMA9 / RZA100DY1 + BRC4C65 10.0
(5.0-11.2) 34,100
(17,100-38,200) 11.2
(5.1-12.5) 38,200
(17,400-42,700) Bộ",BRC1E63|BRC4C65,COMPATIBILITY_ONLY,,NO_SOURCE_EVIDENCE,BUNDLE_ASSIGNMENT
CO INV,278,FBA100BVMA9/RZF100CVM,BRC1E63,,"FBA100BVMA9 / RZF100CVM + BRC1E63 10.0
(5.0 - 11.2) 34,100
(17,100-38,200) Bộ",BRC1E63|BRC4C66,COMPATIBILITY_ONLY,,NO_SOURCE_EVIDENCE,BUNDLE_ASSIGNMENT
CO INV,347,FBA100BVMA9/RZF100CVM,BRC4C66,,"FBA100BVMA9 / RZF100CVM + BRC4C66 10.0
(5.0 - 11.2) 34,100
(17,100-38,200) Bộ",BRC1E63|BRC4C66,COMPATIBILITY_ONLY,,NO_SOURCE_EVIDENCE,BUNDLE_ASSIGNMENT
CO INV,308,FBA100BVMA9/RZF100CYM,BRC1E63,,"FBA100BVMA9 / RZF100CYM + BRC1E63 10.0
(5.0 - 11.2) 34,100
(17,100-38,200) Bộ",BRC1E63|BRC4C66,COMPATIBILITY_ONLY,,NO_SOURCE_EVIDENCE,BUNDLE_ASSIGNMENT
CO INV,377,FBA100BVMA9/RZF100CYM,BRC4C66,,"FBA100BVMA9 / RZF100CYM + BRC4C66 10.0
(5.0 - 11.2) 34,100
(17,100-38,200) Bộ",BRC1E63|BRC4C66,COMPATIBILITY_ONLY,,NO_SOURCE_EVIDENCE,BUNDLE_ASSIGNMENT
CO INV,291,FBA100BVMA9/RZF100DVM,BRC1E63,,"FBA100BVMA9 / RZF100DVM + BRC1E63 10.0
(5.0 - 11.2) 34,100
(17,100-38,200) Bộ",BRC1E63|BRC4C66,COMPATIBILITY_ONLY,,NO_SOURCE_EVIDENCE,BUNDLE_ASSIGNMENT
CO INV,360,FBA100BVMA9/RZF100DVM,BRC4C66,,"FBA100BVMA9 / RZF100DVM + BRC4C66 10.0
(5.0 - 11.2) 34,100
(17,100-38,200) Bộ",BRC1E63|BRC4C66,COMPATIBILITY_ONLY,,NO_SOURCE_EVIDENCE,BUNDLE_ASSIGNMENT
CO INV,321,FBA100BVMA9/RZF100DYM,BRC1E63,,"FBA100BVMA9 / RZF100DYM + BRC1E63 10.0
(5.0 - 11.2) 34,100
(17,100-38,200) Bộ",BRC1E63|BRC4C66,COMPATIBILITY_ONLY,,NO_SOURCE_EVIDENCE,BUNDLE_ASSIGNMENT
CO INV,390,FBA100BVMA9/RZF100DYM,BRC4C66,,"FBA100BVMA9 / RZF100DYM + BRC4C66 10.0
(5.0 - 11.2) 34,100
(17,100-38,200) Bộ",BRC1E63|BRC4C66,COMPATIBILITY_ONLY,,NO_SOURCE_EVIDENCE,BUNDLE_ASSIGNMENT
HP INV,170,FBA125BVMA9/RZA125DV1,BRC1E63,,"FBA125BVMA9 / RZA125DV1 + BRC1E63 12.5
(5.0-14.0) 42,700
(17,100-47,800) 14.0
(5.1-16.0) 47,800
(17,400-54,600) Bộ",BRC1E63|BRC4C65,COMPATIBILITY_ONLY,,NO_SOURCE_EVIDENCE,BUNDLE_ASSIGNMENT
HP INV,209,FBA125BVMA9/RZA125DV1,BRC4C65,,"FBA125BVMA9 / RZA125DV1 + BRC4C65 12.5
(5.0-14.0) 42,700
(17,100-47,800) 14.0
(5.1-16.0) 47,800
(17,400-54,600) Bộ",BRC1E63|BRC4C65,COMPATIBILITY_ONLY,,NO_SOURCE_EVIDENCE,BUNDLE_ASSIGNMENT
HP INV,183,FBA125BVMA9/RZA125DY1,BRC1E63,,"FBA125BVMA9 / RZA125DY1 + BRC1E63 12.5
(5.0-14.0) 42,700
(17,100-47,800) 14.0
(5.1-16.0) 47,800
(17,400-54,600) Bộ",BRC1E63|BRC4C65,COMPATIBILITY_ONLY,,NO_SOURCE_EVIDENCE,BUNDLE_ASSIGNMENT
HP INV,222,FBA125BVMA9/RZA125DY1,BRC4C65,,"FBA125BVMA9 / RZA125DY1 + BRC4C65 12.5
(5.0-14.0) 42,700
(17,100-47,800) 14.0
(5.1-16.0) 47,800
(17,400-54,600) Bộ",BRC1E63|BRC4C65,COMPATIBILITY_ONLY,,NO_SOURCE_EVIDENCE,BUNDLE_ASSIGNMENT
CO INV,282,FBA125BVMA9/RZF125CVM,BRC1E63,,"FBA125BVMA9 / RZF125CVM + BRC1E63 12.5
(5.7 - 14.0) 42,700
(19,500-47,800) Bộ",BRC1E63|BRC4C66,COMPATIBILITY_ONLY,,NO_SOURCE_EVIDENCE,BUNDLE_ASSIGNMENT
CO INV,351,FBA125BVMA9/RZF125CVM,BRC4C66,,"FBA125BVMA9 / RZF125CVM + BRC4C66 12.5
(5.7 - 14.0) 42,700
(19,500-47,800) Bộ",BRC1E63|BRC4C66,COMPATIBILITY_ONLY,,NO_SOURCE_EVIDENCE,BUNDLE_ASSIGNMENT
CO INV,312,FBA125BVMA9/RZF125CYM,BRC1E63,,"FBA125BVMA9 / RZF125CYM + BRC1E63 12.5
(5.7 - 14.0) 42,700
(19,500-47,800) Bộ",BRC1E63|BRC4C66,COMPATIBILITY_ONLY,,NO_SOURCE_EVIDENCE,BUNDLE_ASSIGNMENT
CO INV,381,FBA125BVMA9/RZF125CYM,BRC4C66,,"FBA125BVMA9 / RZF125CYM + BRC4C66 12.5
(5.7 - 14.0) 42,700
(19,500-47,800) Bộ",BRC1E63|BRC4C66,COMPATIBILITY_ONLY,,NO_SOURCE_EVIDENCE,BUNDLE_ASSIGNMENT
CO INV,295,FBA125BVMA9/RZF125DVM,BRC1E63,,"FBA125BVMA9 / RZF125DVM + BRC1E63 12.5
(5.7 - 14.0) 42,700
(19,500-47,800) Bộ",BRC1E63|BRC4C66,COMPATIBILITY_ONLY,,NO_SOURCE_EVIDENCE,BUNDLE_ASSIGNMENT
CO INV,364,FBA125BVMA9/RZF125DVM,BRC4C66,,"FBA125BVMA9 / RZF125DVM + BRC4C66 12.5
(5.7 - 14.0) 42,700
(19,500-47,800) Bộ",BRC1E63|BRC4C66,COMPATIBILITY_ONLY,,NO_SOURCE_EVIDENCE,BUNDLE_ASSIGNMENT
CO INV,325,FBA125BVMA9/RZF125DYM,BRC1E63,,"FBA125BVMA9 / RZF125DYM + BRC1E63 12.5
(5.7 - 14.0) 42,700
(19,500-47,800) Bộ",BRC1E63|BRC4C66,COMPATIBILITY_ONLY,,NO_SOURCE_EVIDENCE,BUNDLE_ASSIGNMENT
CO INV,394,FBA125BVMA9/RZF125DYM,BRC4C66,,"FBA125BVMA9 / RZF125DYM + BRC4C66 12.5
(5.7 - 14.0) 42,700
(19,500-47,800) Bộ",BRC1E63|BRC4C66,COMPATIBILITY_ONLY,,NO_SOURCE_EVIDENCE,BUNDLE_ASSIGNMENT
HP INV,174,FBA140BVMA9/RZA140DV1,BRC1E63,,"FBA140BVMA9 / RZA140DV1 + BRC1E63 14.0
(5.0-16.0) 47,800
(17,100-54,600) 16.0
(5.1-18.0) 54,600
(17,400-61,400) Bộ",BRC1E63|BRC4C65,COMPATIBILITY_ONLY,,NO_SOURCE_EVIDENCE,BUNDLE_ASSIGNMENT
HP INV,213,FBA140BVMA9/RZA140DV1,BRC4C65,,"FBA140BVMA9 / RZA140DV1 + BRC4C65 14.0
(5.0-16.0) 47,800
(17,100-54,600) 16.0
(5.1-18.0) 54,600
(17,400-61,400) Bộ",BRC1E63|BRC4C65,COMPATIBILITY_ONLY,,NO_SOURCE_EVIDENCE,BUNDLE_ASSIGNMENT
HP INV,187,FBA140BVMA9/RZA140DY1,BRC1E63,,"FBA140BVMA9 / RZA140DY1 + BRC1E63 14.0
(5.0-16.0) 47,800
(17,100-54,600) 16.0
(5.1-18.0) 54,600
(17,400-61,400) Bộ",BRC1E63|BRC4C65,COMPATIBILITY_ONLY,,NO_SOURCE_EVIDENCE,BUNDLE_ASSIGNMENT
HP INV,226,FBA140BVMA9/RZA140DY1,BRC4C65,,"FBA140BVMA9 / RZA140DY1 + BRC4C65 14.0
(5.0-16.0) 47,800
(17,100-54,600) 16.0
(5.1-18.0) 54,600
(17,400-61,400) Bộ",BRC1E63|BRC4C65,COMPATIBILITY_ONLY,,NO_SOURCE_EVIDENCE,BUNDLE_ASSIGNMENT
CO INV,286,FBA140BVMA9/RZF140CVM,BRC1E63,,"FBA140BVMA9 / RZF140CVM + BRC1E63 14.0
(6.2 - 15.5) 47,800
(21,200-52,900) Bộ",BRC1E63|BRC4C66,COMPATIBILITY_ONLY,,NO_SOURCE_EVIDENCE,BUNDLE_ASSIGNMENT
CO INV,355,FBA140BVMA9/RZF140CVM,BRC4C66,,"FBA140BVMA9 / RZF140CVM + BRC4C66 14.0
(6.2 - 15.5) 47,800
(21,200-52,900) Bộ",BRC1E63|BRC4C66,COMPATIBILITY_ONLY,,NO_SOURCE_EVIDENCE,BUNDLE_ASSIGNMENT
CO INV,316,FBA140BVMA9/RZF140CYM,BRC1E63,,"FBA140BVMA9 / RZF140CYM + BRC1E63 14.0
(6.2 - 15.5) 47,800
(21,200-52,900) Bộ",BRC1E63|BRC4C66,COMPATIBILITY_ONLY,,NO_SOURCE_EVIDENCE,BUNDLE_ASSIGNMENT
CO INV,385,FBA140BVMA9/RZF140CYM,BRC4C66,,"FBA140BVMA9 / RZF140CYM + BRC4C66 14.0
(6.2 - 15.5) 47,800
(21,200-52,900) Bộ",BRC1E63|BRC4C66,COMPATIBILITY_ONLY,,NO_SOURCE_EVIDENCE,BUNDLE_ASSIGNMENT
CO INV,299,FBA140BVMA9/RZF140DVM,BRC1E63,,"FBA140BVMA9 / RZF140DVM + BRC1E63 14.0
(6.2 - 15.5) 47,800
(21,200-52,900) Bộ",BRC1E63|BRC4C66,COMPATIBILITY_ONLY,,NO_SOURCE_EVIDENCE,BUNDLE_ASSIGNMENT
CO INV,368,FBA140BVMA9/RZF140DVM,BRC4C66,,"FBA140BVMA9 / RZF140DVM + BRC4C66 14.0
(6.2 - 15.5) 47,800
(21,200-52,900) Bộ",BRC1E63|BRC4C66,COMPATIBILITY_ONLY,,NO_SOURCE_EVIDENCE,BUNDLE_ASSIGNMENT
CO INV,329,FBA140BVMA9/RZF140DYM,BRC1E63,,"FBA140BVMA9 / RZF140DYM + BRC1E63 14.0
(6.2 - 15.5) 47,800
(21,200-52,900) Bộ",BRC1E63|BRC4C66,COMPATIBILITY_ONLY,,NO_SOURCE_EVIDENCE,BUNDLE_ASSIGNMENT
CO INV,398,FBA140BVMA9/RZF140DYM,BRC4C66,,"FBA140BVMA9 / RZF140DYM + BRC4C66 14.0
(6.2 - 15.5) 47,800
(21,200-52,900) Bộ",BRC1E63|BRC4C66,COMPATIBILITY_ONLY,,NO_SOURCE_EVIDENCE,BUNDLE_ASSIGNMENT
HP INV,154,FBA50BVMA9/RZA50DV2V,BRC1E63,,"FBA50BVMA9 / RZA50DV2V + BRC1E63 5.0
(1.4-6.0) 17,100
(4,800-20,500) 6.0
(1.4-7.1) 20,500
(4,800-24,200) Bộ",BRC1E63|BRC4C65,COMPATIBILITY_ONLY,,NO_SOURCE_EVIDENCE,BUNDLE_ASSIGNMENT
HP INV,193,FBA50BVMA9/RZA50DV2V,BRC4C65,,"FBA50BVMA9 / RZA50DV2V + BRC4C65 5.0
(1.4-6.0) 17,100
(4,800-20,500) 6.0
(1.4-7.1) 20,500
(4,800-24,200) Bộ",BRC1E63|BRC4C65,COMPATIBILITY_ONLY,,NO_SOURCE_EVIDENCE,BUNDLE_ASSIGNMENT
CO INV,266,FBA50BVMA9/RZF50DVM,BRC1E63,,"FBA50BVMA9 / RZF50DVM + BRC1E63 5.0
(2.3 - 5.6) 17,100
(7,800-19,100) Bộ",BRC1E63|BRC4C66,COMPATIBILITY_ONLY,,NO_SOURCE_EVIDENCE,BUNDLE_ASSIGNMENT
CO INV,335,FBA50BVMA9/RZF50DVM,BRC4C66,,"FBA50BVMA9 / RZF50DVM + BRC4C66 5.0
(2.3 - 5.6) 17,100
(7,800-19,100) Bộ",BRC1E63|BRC4C66,COMPATIBILITY_ONLY,,NO_SOURCE_EVIDENCE,BUNDLE_ASSIGNMENT
HP INV,158,FBA60BVMA9/RZA60DV2V,BRC1E63,,"FBA60BVMA9 / RZA60DV2V + BRC1E63 6.0
(1.4-7.1) 20,500
(4,800-24,200) 7.1
(1.4-8.0) 23,200
(4,800-27,300) Bộ",BRC1E63|BRC4C65,COMPATIBILITY_ONLY,,NO_SOURCE_EVIDENCE,BUNDLE_ASSIGNMENT
HP INV,197,FBA60BVMA9/RZA60DV2V,BRC4C65,,"FBA60BVMA9 / RZA60DV2V + BRC4C65 6.0
(1.4-7.1) 20,500
(4,800-24,200) 7.1
(1.4-8.0) 23,200
(4,800-27,300) Bộ",BRC1E63|BRC4C65,COMPATIBILITY_ONLY,,NO_SOURCE_EVIDENCE,BUNDLE_ASSIGNMENT
CO INV,270,FBA60BVMA9/RZF60DVM,BRC1E63,,"FBA60BVMA9 / RZF60DVM + BRC1E63 6.0
(2.6 - 6.3) 20,500
(8,900-21,500) Bộ",BRC1E63|BRC4C66,COMPATIBILITY_ONLY,,NO_SOURCE_EVIDENCE,BUNDLE_ASSIGNMENT
CO INV,339,FBA60BVMA9/RZF60DVM,BRC4C66,,"FBA60BVMA9 / RZF60DVM + BRC4C66 6.0
(2.6 - 6.3) 20,500
(8,900-21,500) Bộ",BRC1E63|BRC4C66,COMPATIBILITY_ONLY,,NO_SOURCE_EVIDENCE,BUNDLE_ASSIGNMENT
HP INV,162,FBA71BVMA9/RZA71DV1,BRC1E63,,"FBA71BVMA9 / RZA71DV1 + BRC1E63 7.1
(3.2-8.0) 24,200
(10,900-27,300) 8.0
(3.5-9.0) 27,300
(12,000-30,700) Bộ",BRC1E63|BRC4C65,COMPATIBILITY_ONLY,,NO_SOURCE_EVIDENCE,BUNDLE_ASSIGNMENT
HP INV,201,FBA71BVMA9/RZA71DV1,BRC4C65,,"FBA71BVMA9 / RZA71DV1 + BRC4C65 7.1
(3.2-8.0) 24,200
(10,900-27,300) 8.0
(3.5-9.0) 27,300
(12,000-30,700) Bộ",BRC1E63|BRC4C65,COMPATIBILITY_ONLY,,NO_SOURCE_EVIDENCE,BUNDLE_ASSIGNMENT
CO INV,274,FBA71BVMA9/RZF71DVM,BRC1E63,,"FBA71BVMA9 / RZF71DVM + BRC1E63 7.1
(3.2 - 8.0) 24,200
(10,900-27,300) Bộ",BRC1E63|BRC4C66,COMPATIBILITY_ONLY,,NO_SOURCE_EVIDENCE,BUNDLE_ASSIGNMENT
CO INV,343,FBA71BVMA9/RZF71DVM,BRC4C66,,"FBA71BVMA9 / RZF71DVM + BRC4C66 7.1
(3.2 - 8.0) 24,200
(10,900-27,300) Bộ",BRC1E63|BRC4C66,COMPATIBILITY_ONLY,,NO_SOURCE_EVIDENCE,BUNDLE_ASSIGNMENT
CO INV,304,FBA71BVMA9/RZF71DYM,BRC1E63,,"FBA71BVMA9 / RZF71DYM + BRC1E63 7.1
(3.2 - 8.0) 24,200
(10,900-27,300) Bộ",BRC1E63|BRC4C66,COMPATIBILITY_ONLY,,NO_SOURCE_EVIDENCE,BUNDLE_ASSIGNMENT
CO INV,373,FBA71BVMA9/RZF71DYM,BRC4C66,,"FBA71BVMA9 / RZF71DYM + BRC4C66 7.1
(3.2 - 8.0) 24,200
(10,900-27,300) Bộ",BRC1E63|BRC4C66,COMPATIBILITY_ONLY,,NO_SOURCE_EVIDENCE,BUNDLE_ASSIGNMENT
CO INV,880,FBFC100DVM9/RZFC100EVM,BRC2E61,,"FBFC100DVM9 / RZFC100EVM + BRC2E61 10.0
(5.0 - 11.2) 34,100
(17,100-38,200) Bộ",BRC2E61|BRC4C66,COMPATIBILITY_ONLY,,NO_SOURCE_EVIDENCE,BUNDLE_ASSIGNMENT
CO INV,927,FBFC100DVM9/RZFC100EVM,BRC4C66,,"FBFC100DVM9 / RZFC100EVM + BRC4C66 10.0
(5.0 - 11.2) 34,100
(17,100-38,200) Bộ",BRC2E61|BRC4C66,COMPATIBILITY_ONLY,,NO_SOURCE_EVIDENCE,BUNDLE_ASSIGNMENT
CO INV,893,FBFC100DVM9/RZFC100EY1,BRC2E61,,"FBFC100DVM9 / RZFC100EY1 + BRC2E61 10.0
(5.0 - 11.2) 34,100
(17,100-38,200) Bộ",BRC2E61|BRC4C66,COMPATIBILITY_ONLY,,NO_SOURCE_EVIDENCE,BUNDLE_ASSIGNMENT
CO INV,940,FBFC100DVM9/RZFC100EY1,BRC4C66,,"FBFC100DVM9 / RZFC100EY1 + BRC4C66 10.0
(5.0 - 11.2) 34,100
(17,100-38,200) Bộ",BRC2E61|BRC4C66,COMPATIBILITY_ONLY,,NO_SOURCE_EVIDENCE,BUNDLE_ASSIGNMENT
CO INV,897,FBFC125DVM9/RZFC125EY1,BRC2E61,,"FBFC125DVM9 / RZFC125EY1 + BRC2E61 12.5
(5.7 - 14.0) 42,700
(19,500-47,800) Bộ",BRC2E61|BRC4C66,COMPATIBILITY_ONLY,,NO_SOURCE_EVIDENCE,BUNDLE_ASSIGNMENT
CO INV,944,FBFC125DVM9/RZFC125EY1,BRC4C66,,"FBFC125DVM9 / RZFC125EY1 + BRC4C66 12.5
(5.7 - 14.0) 42,700
(19,500-47,800) Bộ",BRC2E61|BRC4C66,COMPATIBILITY_ONLY,,NO_SOURCE_EVIDENCE,BUNDLE_ASSIGNMENT
CO INV,901,FBFC140DVM9/RZFC140EY1,BRC2E61,,"FBFC140DVM9 / RZFC140EY1 + BRC2E61 14.0
(6.2 - 15.5) 47,800
(21,200-52,900) Bộ",BRC2E61|BRC4C66,COMPATIBILITY_ONLY,,NO_SOURCE_EVIDENCE,BUNDLE_ASSIGNMENT
CO INV,948,FBFC140DVM9/RZFC140EY1,BRC4C66,,"FBFC140DVM9 / RZFC140EY1 + BRC4C66 14.0
(6.2 - 15.5) 47,800
(21,200-52,900) Bộ",BRC2E61|BRC4C66,COMPATIBILITY_ONLY,,NO_SOURCE_EVIDENCE,BUNDLE_ASSIGNMENT
CO INV,860,FBFC40DVM9/RZFC40EVM,BRC2E61,,"FBFC40DVM9 / RZFC40EVM + BRC2E61 4.0
(1.8 - 4.5) 13,600
(6,100-15,400) Bộ",BRC2E61|BRC4C66,COMPATIBILITY_ONLY,,NO_SOURCE_EVIDENCE,BUNDLE_ASSIGNMENT
CO INV,907,FBFC40DVM9/RZFC40EVM,BRC4C66,,"FBFC40DVM9 / RZFC40EVM + BRC4C66 4.0
(1.8 - 4.5) 13,600
(6,100-15,400) Bộ",BRC2E61|BRC4C66,COMPATIBILITY_ONLY,,NO_SOURCE_EVIDENCE,BUNDLE_ASSIGNMENT
CO INV,864,FBFC50DVM9/RZFC50EVM,BRC2E61,,"FBFC50DVM9 / RZFC50EVM + BRC2E61 5.0
(2.3 - 5.6) 17,000
(7,800-19,100) Bộ",BRC2E61|BRC4C66,COMPATIBILITY_ONLY,,NO_SOURCE_EVIDENCE,BUNDLE_ASSIGNMENT
CO INV,911,FBFC50DVM9/RZFC50EVM,BRC4C66,,"FBFC50DVM9 / RZFC50EVM + BRC4C66 5.0
(2.3 - 5.6) 17,000
(7,800-19,100) Bộ",BRC2E61|BRC4C66,COMPATIBILITY_ONLY,,NO_SOURCE_EVIDENCE,BUNDLE_ASSIGNMENT
CO INV,868,FBFC60DVM9/RZFC60EVM,BRC2E61,,"FBFC60DVM9 / RZFC60EVM + BRC2E61 6.0
(2.6 - 6.3) 20,500
(8,900-21,500) Bộ",BRC2E61|BRC4C66,COMPATIBILITY_ONLY,,NO_SOURCE_EVIDENCE,BUNDLE_ASSIGNMENT
CO INV,915,FBFC60DVM9/RZFC60EVM,BRC4C66,,"FBFC60DVM9 / RZFC60EVM + BRC4C66 6.0
(2.6 - 6.3) 20,500
(8,900-21,500) Bộ",BRC2E61|BRC4C66,COMPATIBILITY_ONLY,,NO_SOURCE_EVIDENCE,BUNDLE_ASSIGNMENT
CO INV,872,FBFC71DVM9/RZFC71EVM,BRC2E61,,"FBFC71DVM9 / RZFC71EVM + BRC2E61 7.1
(3.2 - 8.0) 24,200
(10,900-27,300) Bộ",BRC2E61|BRC4C66,COMPATIBILITY_ONLY,,NO_SOURCE_EVIDENCE,BUNDLE_ASSIGNMENT
CO INV,919,FBFC71DVM9/RZFC71EVM,BRC4C66,,"FBFC71DVM9 / RZFC71EVM + BRC4C66 7.1
(3.2 - 8.0) 24,200
(10,900-27,300) Bộ",BRC2E61|BRC4C66,COMPATIBILITY_ONLY,,NO_SOURCE_EVIDENCE,BUNDLE_ASSIGNMENT
CO INV,885,FBFC71DVM9/RZFC71EY1,BRC2E61,,"FBFC71DVM9 / RZFC71EY1 + BRC2E61 7.1
(3.2 - 8.0) 24,200
(10,900-27,300) Bộ",BRC2E61|BRC4C66,COMPATIBILITY_ONLY,,NO_SOURCE_EVIDENCE,BUNDLE_ASSIGNMENT
CO INV,932,FBFC71DVM9/RZFC71EY1,BRC4C66,,"FBFC71DVM9 / RZFC71EY1 + BRC4C66 7.1
(3.2 - 8.0) 24,200
(10,900-27,300) Bộ",BRC2E61|BRC4C66,COMPATIBILITY_ONLY,,NO_SOURCE_EVIDENCE,BUNDLE_ASSIGNMENT
CO INV,876,FBFC85DVM9/RZFC85EVM,BRC2E61,,"FBFC85DVM9 / RZFC85EVM + BRC2E61 8.5
(4.2 - 10.0) 29,000
(14,300-34,100) Bộ",BRC2E61|BRC4C66,COMPATIBILITY_ONLY,,NO_SOURCE_EVIDENCE,BUNDLE_ASSIGNMENT
CO INV,923,FBFC85DVM9/RZFC85EVM,BRC4C66,,"FBFC85DVM9 / RZFC85EVM + BRC4C66 8.5
(4.2 - 10.0) 29,000
(14,300-34,100) Bộ",BRC2E61|BRC4C66,COMPATIBILITY_ONLY,,NO_SOURCE_EVIDENCE,BUNDLE_ASSIGNMENT
CO INV,889,FBFC85DVM9/RZFC85EY1,BRC2E61,,"FBFC85DVM9 / RZFC85EY1 + BRC2E61 8.5
(4.2 - 10.0) 29,000
(14,300-34,100) Bộ",BRC2E61|BRC4C66,COMPATIBILITY_ONLY,,NO_SOURCE_EVIDENCE,BUNDLE_ASSIGNMENT
CO INV,936,FBFC85DVM9/RZFC85EY1,BRC4C66,,"FBFC85DVM9 / RZFC85EY1 + BRC4C66 8.5
(4.2 - 10.0) 29,000
(14,300-34,100) Bộ",BRC2E61|BRC4C66,COMPATIBILITY_ONLY,,NO_SOURCE_EVIDENCE,BUNDLE_ASSIGNMENT
NON INV,149,FCC100AV1V/RC100AGY1V,,,FCC100AV1V / RC100AGY1V + BC50FV 10.55 36000 Bộ,,NO_SOURCE_EVIDENCE,,NO_SOURCE_EVIDENCE,BUNDLE_ASSIGNMENT
NON INV,153,FCC125AV1V/RC125AGY1V,,,FCC125AV1V / RC125AGY1V + BC50FV 12.31 42000 Bộ,,NO_SOURCE_EVIDENCE,,NO_SOURCE_EVIDENCE,BUNDLE_ASSIGNMENT
NON INV,157,FCC140AV1V/RC140AGY1V,,,FCC140AV1V / RC140AGY1V + BC50FV 14.07 48000 Bộ,,NO_SOURCE_EVIDENCE,,NO_SOURCE_EVIDENCE,BUNDLE_ASSIGNMENT
NON INV,132,FCC50AV1V/RC50AGV1V,,,FCC50AV1V / RC50AGV1V + BC50FV 5.42 18500 Bộ,,NO_SOURCE_EVIDENCE,,NO_SOURCE_EVIDENCE,BUNDLE_ASSIGNMENT
NON INV,136,FCC60AV1V/RC60AGV1V,,,FCC60AV1V / RC60AGV1V + BC50FV 7.03 24000 Bộ,,NO_SOURCE_EVIDENCE,,NO_SOURCE_EVIDENCE,BUNDLE_ASSIGNMENT
NON INV,140,FCC85AV1V/RC85AGV1V,,,FCC85AV1V / RC85AGV1V + BC50FV #REF! 8.79 30000 Bộ,,NO_SOURCE_EVIDENCE,,NO_SOURCE_EVIDENCE,BUNDLE_ASSIGNMENT
NON INV,145,FCC85AV1V/RC85AGY1V,,,FCC85AV1V / RC85AGY1V + BC50FV 8.79 30000 Bộ,,NO_SOURCE_EVIDENCE,,NO_SOURCE_EVIDENCE,BUNDLE_ASSIGNMENT
HP INV,74,FCF100CVM/RZA100DV1,BRC1E63,BYCQ125EAF8,"FCF100CVM / RZA100DV1 + BRC1E63 + BYCQ125EAF8 10.0
(3.2-11.2) 34,100
(10,900-38,200) 11.2
(3.5-12.5) 38,200
(11,900-42,700) Bộ",BRC1E63|BRC7M634F,COMPATIBILITY_ONLY,BYCQ125EAF8,EXACT_BUNDLE_ASSIGNMENT,BUNDLE_ASSIGNMENT
HP INV,122,FCF100CVM/RZA100DV1,BRC7M634F,BYCQ125EAF8,"FCF100CVM / RZA100DV1 + BRC7M634F + BYCQ125EAF8 10.0
(3.2-11.2) 34,100
(10,900-38,200) 11.2
(3.5-12.5) 38,200
(11,900-42,700) Bộ",BRC1E63|BRC7M634F,COMPATIBILITY_ONLY,BYCQ125EAF8,EXACT_BUNDLE_ASSIGNMENT,BUNDLE_ASSIGNMENT
HP INV,90,FCF100CVM/RZA100DY1,BRC1E63,BYCQ125EAF8,"FCF100CVM / RZA100DY1 + BRC1E63 + BYCQ125EAF8 10.0
(5.0-11.2) 34,100
(17,100-38,200) 11.2
(5.1-12.5) 38,200
(17,400-42,700) Bộ",BRC1E63|BRC7M634F,COMPATIBILITY_ONLY,BYCQ125EAF8,EXACT_BUNDLE_ASSIGNMENT,BUNDLE_ASSIGNMENT
HP INV,138,FCF100CVM/RZA100DY1,BRC7M634F,BYCQ125EAF8,"FCF100CVM / RZA100DY1 + BRC7M634F + BYCQ125EAF8 10.0
(5.0-11.2) 34,100
(17,100-38,200) 11.2
(5.1-12.5) 38,200
(17,400-42,700) Bộ",BRC1E63|BRC7M634F,COMPATIBILITY_ONLY,BYCQ125EAF8,EXACT_BUNDLE_ASSIGNMENT,BUNDLE_ASSIGNMENT
CO INV,112,FCF100CVM/RZF100CVM,BRC1E63,BYCQ125EAF8,"FCF100CVM / RZF100CVM + BRC1E63 + BYCQ125EAF8 10.0
(5.0-11.2) 34,100
(17,100-38,200) Bộ",BRC1E63|BRC7M635F,COMPATIBILITY_ONLY,BYCQ125EAF8,EXACT_BUNDLE_ASSIGNMENT,BUNDLE_ASSIGNMENT
CO INV,197,FCF100CVM/RZF100CVM,BRC7M635F,BYCQ125EAF8,"FCF100CVM / RZF100CVM + BRC7M635F + BYCQ125EAF8 10.0
(5.0-11.2) 34,100
(17,100-38,200) Bộ",BRC1E63|BRC7M635F,COMPATIBILITY_ONLY,BYCQ125EAF8,EXACT_BUNDLE_ASSIGNMENT,BUNDLE_ASSIGNMENT
CO INV,149,FCF100CVM/RZF100CYM,BRC1E63,BYCQ125EAF8,"FCF100CVM / RZF100CYM + BRC1E63 + BYCQ125EAF8 10.0
(5.0-11.2) 34,100
(17,100-38,200) Bộ",BRC1E63|BRC7M635F,COMPATIBILITY_ONLY,BYCQ125EAF8,EXACT_BUNDLE_ASSIGNMENT,BUNDLE_ASSIGNMENT
CO INV,234,FCF100CVM/RZF100CYM,BRC7M635F,BYCQ125EAF8,"FCF100CVM / RZF100CYM + BRC7M635F + BYCQ125EAF8 10.0
(5.0-11.2) 34,100
(17,100-38,200) Bộ",BRC1E63|BRC7M635F,COMPATIBILITY_ONLY,BYCQ125EAF8,EXACT_BUNDLE_ASSIGNMENT,BUNDLE_ASSIGNMENT
CO INV,128,FCF100CVM/RZF100DVM,BRC1E63,BYCQ125EAF8,"FCF100CVM / RZF100DVM + BRC1E63 + BYCQ125EAF8 10.0
(5.0-11.2) 34,100
(17,100-38,200) Bộ",BRC1E63|BRC7M635F,COMPATIBILITY_ONLY,BYCQ125EAF8,EXACT_BUNDLE_ASSIGNMENT,BUNDLE_ASSIGNMENT
CO INV,213,FCF100CVM/RZF100DVM,BRC7M635F,BYCQ125EAF8,"FCF100CVM / RZF100DVM + BRC7M635F + BYCQ125EAF8 10.0
(5.0-11.2) 34,100
(17,100-38,200) Bộ",BRC1E63|BRC7M635F,COMPATIBILITY_ONLY,BYCQ125EAF8,EXACT_BUNDLE_ASSIGNMENT,BUNDLE_ASSIGNMENT
CO INV,165,FCF100CVM/RZF100DYM,BRC1E63,BYCQ125EAF8,"FCF100CVM / RZF100DYM + BRC1E63 + BYCQ125EAF8 10.0
(5.0-11.2) 34,100
(17,100-38,200) Bộ",BRC1E63|BRC7M635F,COMPATIBILITY_ONLY,BYCQ125EAF8,EXACT_BUNDLE_ASSIGNMENT,BUNDLE_ASSIGNMENT
CO INV,250,FCF100CVM/RZF100DYM,BRC7M635F,BYCQ125EAF8,"FCF100CVM / RZF100DYM + BRC7M635F + BYCQ125EAF8 10.0
(5.0-11.2) 34,100
(17,100-38,200) Bộ",BRC1E63|BRC7M635F,COMPATIBILITY_ONLY,BYCQ125EAF8,EXACT_BUNDLE_ASSIGNMENT,BUNDLE_ASSIGNMENT
HP INV,79,FCF125CVM/RZA125DV1,BRC1E63,BYCQ125EAF8,"FCF125CVM / RZA125DV1 + BRC1E63 + BYCQ125EAF8 12.5
(5.0-14.0) 42,700
(17,100-47,800) 14.0
(5.1-16.0) 47,800
(17,400-54,600) Bộ",BRC1E63|BRC7M634F,COMPATIBILITY_ONLY,BYCQ125EAF8,EXACT_BUNDLE_ASSIGNMENT,BUNDLE_ASSIGNMENT
HP INV,127,FCF125CVM/RZA125DV1,BRC7M634F,BYCQ125EAF8,"FCF125CVM / RZA125DV1 + BRC7M634F + BYCQ125EAF8 12.5
(5.0-14.0) 42,700
(17,100-47,800) 14.0
(5.1-16.0) 47,800
(17,400-54,600) Bộ",BRC1E63|BRC7M634F,COMPATIBILITY_ONLY,BYCQ125EAF8,EXACT_BUNDLE_ASSIGNMENT,BUNDLE_ASSIGNMENT
HP INV,95,FCF125CVM/RZA125DY1,BRC1E63,BYCQ125EAF8,"FCF125CVM / RZA125DY1 + BRC1E63 + BYCQ125EAF8 12.5
(5.0-14.0) 42,700
(17,100-47,800) 14.0
(5.1-16.0) 47,800
(17,400-54,600) Bộ",BRC1E63|BRC7M634F,COMPATIBILITY_ONLY,BYCQ125EAF8,EXACT_BUNDLE_ASSIGNMENT,BUNDLE_ASSIGNMENT
HP INV,143,FCF125CVM/RZA125DY1,BRC7M634F,BYCQ125EAF8,"FCF125CVM / RZA125DY1 + BRC7M634F + BYCQ125EAF8 12.5
(5.0-14.0) 42,700
(17,100-47,800) 14.0
(5.1-16.0) 47,800
(17,400-54,600) Bộ",BRC1E63|BRC7M634F,COMPATIBILITY_ONLY,BYCQ125EAF8,EXACT_BUNDLE_ASSIGNMENT,BUNDLE_ASSIGNMENT
CO INV,117,FCF125CVM/RZF125CVM,BRC1E63,BYCQ125EAF8,"FCF125CVM / RZF125CVM + BRC1E63 + BYCQ125EAF8 12.5
(5.7-14.0) 42,700
(19,500-47,800) Bộ",BRC1E63|BRC7M635F,COMPATIBILITY_ONLY,BYCQ125EAF8,EXACT_BUNDLE_ASSIGNMENT,BUNDLE_ASSIGNMENT
CO INV,202,FCF125CVM/RZF125CVM,BRC7M635F,BYCQ125EAF8,"FCF125CVM / RZF125CVM + BRC7M635F + BYCQ125EAF8 12.5
(5.7-14.0) 42,700
(19,500-47,800) Bộ",BRC1E63|BRC7M635F,COMPATIBILITY_ONLY,BYCQ125EAF8,EXACT_BUNDLE_ASSIGNMENT,BUNDLE_ASSIGNMENT
CO INV,154,FCF125CVM/RZF125CYM,BRC1E63,BYCQ125EAF8,"FCF125CVM / RZF125CYM + BRC1E63 + BYCQ125EAF8 12.5
(5.7-14.0) 42,700
(19,500-47,800) Bộ",BRC1E63|BRC7M635F,COMPATIBILITY_ONLY,BYCQ125EAF8,EXACT_BUNDLE_ASSIGNMENT,BUNDLE_ASSIGNMENT
CO INV,239,FCF125CVM/RZF125CYM,BRC7M635F,BYCQ125EAF8,"FCF125CVM / RZF125CYM + BRC7M635F + BYCQ125EAF8 12.5
(5.7-14.0) 42,700
(19,500-47,800) Bộ",BRC1E63|BRC7M635F,COMPATIBILITY_ONLY,BYCQ125EAF8,EXACT_BUNDLE_ASSIGNMENT,BUNDLE_ASSIGNMENT
CO INV,133,FCF125DVM/RZF125DVM,BRC1E63,BYCQ125EAF8,"FCF125DVM / RZF125DVM + BRC1E63 + BYCQ125EAF8 12.5
(5.7-14.0) 42,700
(19,500-47,800) Bộ",BRC1E63|BRC7M635F,COMPATIBILITY_ONLY,BYCQ125EAF8,EXACT_BUNDLE_ASSIGNMENT,BUNDLE_ASSIGNMENT
CO INV,218,FCF125DVM/RZF125DVM,BRC7M635F,BYCQ125EAF8,"FCF125DVM / RZF125DVM + BRC7M635F + BYCQ125EAF8 12.5
(5.7-14.0) 42,700
(19,500-47,800) Bộ",BRC1E63|BRC7M635F,COMPATIBILITY_ONLY,BYCQ125EAF8,EXACT_BUNDLE_ASSIGNMENT,BUNDLE_ASSIGNMENT
CO INV,170,FCF125DVM/RZF125DYM,BRC1E63,BYCQ125EAF8,"FCF125DVM / RZF125DYM + BRC1E63 + BYCQ125EAF8 12.5
(5.7-14.0) 42,700
(19,500-47,800) Bộ",BRC1E63|BRC7M635F,COMPATIBILITY_ONLY,BYCQ125EAF8,EXACT_BUNDLE_ASSIGNMENT,BUNDLE_ASSIGNMENT
CO INV,255,FCF125DVM/RZF125DYM,BRC7M635F,BYCQ125EAF8,"FCF125DVM / RZF125DYM + BRC7M635F + BYCQ125EAF8 12.5
(5.7-14.0) 42,700
(19,500-47,800) Bộ",BRC1E63|BRC7M635F,COMPATIBILITY_ONLY,BYCQ125EAF8,EXACT_BUNDLE_ASSIGNMENT,BUNDLE_ASSIGNMENT
HP INV,84,FCF140CVM/RZA140DV1,BRC1E63,BYCQ125EAF8,"FCF140CVM / RZA140DV1 + BRC1E63 + BYCQ125EAF8 14.0
(5.0-16.0) 47,800
(17,100-54,600) 16.0
(5.1-18.0) 54,600
(17,400-61,400) Bộ",BRC1E63|BRC7M634F,COMPATIBILITY_ONLY,BYCQ125EAF8,EXACT_BUNDLE_ASSIGNMENT,BUNDLE_ASSIGNMENT
HP INV,132,FCF140CVM/RZA140DV1,BRC7M634F,BYCQ125EAF8,"FCF140CVM / RZA140DV1 + BRC7M634F + BYCQ125EAF8 14.0
(5.0-16.0) 47,800
(17,100-54,600) 16.0
(5.1-18.0) 54,600
(17,400-61,400) Bộ",BRC1E63|BRC7M634F,COMPATIBILITY_ONLY,BYCQ125EAF8,EXACT_BUNDLE_ASSIGNMENT,BUNDLE_ASSIGNMENT
HP INV,100,FCF140CVM/RZA140DY1,BRC1E63,BYCQ125EAF8,"FCF140CVM / RZA140DY1 + BRC1E63 + BYCQ125EAF8 14.0
(5.0-16.0) 47,800
(17,100-54,600) 16.0
(5.1-18.0) 54,600
(17,400-61,400) Bộ",BRC1E63|BRC7M634F,COMPATIBILITY_ONLY,BYCQ125EAF8,EXACT_BUNDLE_ASSIGNMENT,BUNDLE_ASSIGNMENT
HP INV,148,FCF140CVM/RZA140DY1,BRC7M634F,BYCQ125EAF8,"FCF140CVM / RZA140DY1 + BRC7M634F + BYCQ125EAF8 14.0
(5.0-16.0) 47,800
(17,100-54,600) 16.0
(5.1-18.0) 54,600
(17,400-61,400) Bộ",BRC1E63|BRC7M634F,COMPATIBILITY_ONLY,BYCQ125EAF8,EXACT_BUNDLE_ASSIGNMENT,BUNDLE_ASSIGNMENT
CO INV,122,FCF140CVM/RZF140CVM,BRC1E63,BYCQ125EAF8,"FCF140CVM / RZF140CVM + BRC1E63 + BYCQ125EAF8 14.0
(6.2-15.5) 47,800
(21,200-52,900) Bộ",BRC1E63|BRC7M635F,COMPATIBILITY_ONLY,BYCQ125EAF8,EXACT_BUNDLE_ASSIGNMENT,BUNDLE_ASSIGNMENT
CO INV,207,FCF140CVM/RZF140CVM,BRC7M635F,BYCQ125EAF8,"FCF140CVM / RZF140CVM + BRC7M635F + BYCQ125EAF8 14.0
(6.2-15.5) 47,800
(21,200-52,900) Bộ",BRC1E63|BRC7M635F,COMPATIBILITY_ONLY,BYCQ125EAF8,EXACT_BUNDLE_ASSIGNMENT,BUNDLE_ASSIGNMENT
CO INV,159,FCF140CVM/RZF140CYM,BRC1E63,BYCQ125EAF8,"FCF140CVM / RZF140CYM + BRC1E63 + BYCQ125EAF8 14.0
(6.2-15.5) 47,800
(21,200-52,900) Bộ",BRC1E63|BRC7M635F,COMPATIBILITY_ONLY,BYCQ125EAF8,EXACT_BUNDLE_ASSIGNMENT,BUNDLE_ASSIGNMENT
CO INV,244,FCF140CVM/RZF140CYM,BRC7M635F,BYCQ125EAF8,"FCF140CVM / RZF140CYM + BRC7M635F + BYCQ125EAF8 14.0
(6.2-15.5) 47,800
(21,200-52,900) Bộ",BRC1E63|BRC7M635F,COMPATIBILITY_ONLY,BYCQ125EAF8,EXACT_BUNDLE_ASSIGNMENT,BUNDLE_ASSIGNMENT
CO INV,138,FCF140DVM/RZF140DVM,BRC1E63,BYCQ125EAF8,"FCF140DVM / RZF140DVM + BRC1E63 + BYCQ125EAF8 14.0
(6.2-15.5) 47,800
(21,200-52,900) Bộ",BRC1E63|BRC7M635F,COMPATIBILITY_ONLY,BYCQ125EAF8,EXACT_BUNDLE_ASSIGNMENT,BUNDLE_ASSIGNMENT
CO INV,223,FCF140DVM/RZF140DVM,BRC7M635F,BYCQ125EAF8,"FCF140DVM / RZF140DVM + BRC7M635F + BYCQ125EAF8 14.0
(6.2-15.5) 47,800
(21,200-52,900) Bộ",BRC1E63|BRC7M635F,COMPATIBILITY_ONLY,BYCQ125EAF8,EXACT_BUNDLE_ASSIGNMENT,BUNDLE_ASSIGNMENT
CO INV,175,FCF140DVM/RZF140DYM,BRC1E63,BYCQ125EAF8,"FCF140DVM / RZF140DYM + BRC1E63 + BYCQ125EAF8 14.0
(6.2-15.5) 47,800
(21,200-52,900) Bộ",BRC1E63|BRC7M635F,COMPATIBILITY_ONLY,BYCQ125EAF8,EXACT_BUNDLE_ASSIGNMENT,BUNDLE_ASSIGNMENT
CO INV,260,FCF140DVM/RZF140DYM,BRC7M635F,BYCQ125EAF8,"FCF140DVM / RZF140DYM + BRC7M635F + BYCQ125EAF8 14.0
(6.2-15.5) 47,800
(21,200-52,900) Bộ",BRC1E63|BRC7M635F,COMPATIBILITY_ONLY,BYCQ125EAF8,EXACT_BUNDLE_ASSIGNMENT,BUNDLE_ASSIGNMENT
HP INV,59,FCF50CVM/RZA50DV2V,BRC1E63,BYCQ125EAF8,"FCF50CVM / RZA50DV2V + BRC1E63 + BYCQ125EAF8 5.0
(1.4-6.0) 17,100
(4,800-20,500) 6.0
(1.4-7.1) 20,500
(4,800-24,200) Bộ",BRC1E63|BRC7M634F,COMPATIBILITY_ONLY,BYCQ125EAF8,EXACT_BUNDLE_ASSIGNMENT,BUNDLE_ASSIGNMENT
HP INV,107,FCF50CVM/RZA50DV2V,BRC7M634F,BYCQ125EAF8,"FCF50CVM / RZA50DV2V + BRC7M634F + BYCQ125EAF8 5.0
(1.4-6.0) 17,100
(4,800-20,500) 6.0
(1.4-7.1) 20,500
(4,800-24,200) Bộ",BRC1E63|BRC7M634F,COMPATIBILITY_ONLY,BYCQ125EAF8,EXACT_BUNDLE_ASSIGNMENT,BUNDLE_ASSIGNMENT
CO INV,97,FCF50CVM/RZF50DVM,BRC1E63,BYCQ125EAF8,"FCF50CVM / RZF50DVM + BRC1E63 + BYCQ125EAF8 5.0
(2.3-5.6) 17,100
(7,800-19,100) Bộ",BRC1E63|BRC7M635F,COMPATIBILITY_ONLY,BYCQ125EAF8,EXACT_BUNDLE_ASSIGNMENT,BUNDLE_ASSIGNMENT
CO INV,182,FCF50CVM/RZF50DVM,BRC7M635F,BYCQ125EAF8,"FCF50CVM / RZF50DVM + BRC7M635F + BYCQ125EAF8 5.0
(2.3-5.6) 17,100
(7,800-19,100) Bộ",BRC1E63|BRC7M635F,COMPATIBILITY_ONLY,BYCQ125EAF8,EXACT_BUNDLE_ASSIGNMENT,BUNDLE_ASSIGNMENT
HP INV,64,FCF60CVM/RZA60DV2V,BRC1E63,BYCQ125EAF8,"FCF60CVM / RZA60DV2V + BRC1E63 + BYCQ125EAF8 6.0
(1.4-7.1) 20,500
(4,800-24,200) 7.1
(1.4-8.0) 23,200
(4,800-27,300) Bộ",BRC1E63|BRC7M634F,COMPATIBILITY_ONLY,BYCQ125EAF8,EXACT_BUNDLE_ASSIGNMENT,BUNDLE_ASSIGNMENT
HP INV,112,FCF60CVM/RZA60DV2V,BRC7M634F,BYCQ125EAF8,"FCF60CVM / RZA60DV2V + BRC7M634F + BYCQ125EAF8 6.0
(1.4-7.1) 20,500
(4,800-24,200) 7.1
(1.4-8.0) 23,200
(4,800-27,300) Bộ",BRC1E63|BRC7M634F,COMPATIBILITY_ONLY,BYCQ125EAF8,EXACT_BUNDLE_ASSIGNMENT,BUNDLE_ASSIGNMENT
CO INV,102,FCF60CVM/RZF60DVM,BRC1E63,BYCQ125EAF8,"FCF60CVM / RZF60DVM + BRC1E63 + BYCQ125EAF8 6.0
(2.6-6.3) 20,500
(8,900-21,500) Bộ",BRC1E63|BRC7M635F,COMPATIBILITY_ONLY,BYCQ125EAF8,EXACT_BUNDLE_ASSIGNMENT,BUNDLE_ASSIGNMENT
CO INV,187,FCF60CVM/RZF60DVM,BRC7M635F,BYCQ125EAF8,"FCF60CVM / RZF60DVM + BRC7M635F + BYCQ125EAF8 6.0
(2.6-6.3) 20,500
(8,900-21,500) Bộ",BRC1E63|BRC7M635F,COMPATIBILITY_ONLY,BYCQ125EAF8,EXACT_BUNDLE_ASSIGNMENT,BUNDLE_ASSIGNMENT
HP INV,69,FCF71CVM/RZA71DV1,BRC1E63,BYCQ125EAF8,"FCF71CVM / RZA71DV1 + BRC1E63 + BYCQ125EAF8 7.1
(3.2-8.0) 24,200
(10,900-27,300) 8.0
(3.5-9.0) 27,300
(12,000-30,700) Bộ",BRC1E63|BRC7M634F,COMPATIBILITY_ONLY,BYCQ125EAF8,EXACT_BUNDLE_ASSIGNMENT,BUNDLE_ASSIGNMENT
HP INV,117,FCF71CVM/RZA71DV1,BRC7M634F,BYCQ125EAF8,"FCF71CVM / RZA71DV1 + BRC7M634F + BYCQ125EAF8 7.1
(3.2-8.0) 24,200
(10,900-27,300) 8.0
(3.5-9.0) 27,300
(12,000-30,700) Bộ",BRC1E63|BRC7M634F,COMPATIBILITY_ONLY,BYCQ125EAF8,EXACT_BUNDLE_ASSIGNMENT,BUNDLE_ASSIGNMENT
CO INV,107,FCF71CVM/RZF71DVM,BRC1E63,BYCQ125EAF8,"FCF71CVM / RZF71DVM + BRC1E63 + BYCQ125EAF8 7.1
(3.2-8.0) 24,200
(10,900-27,300) Bộ",BRC1E63|BRC7M635F,COMPATIBILITY_ONLY,BYCQ125EAF8,EXACT_BUNDLE_ASSIGNMENT,BUNDLE_ASSIGNMENT
CO INV,192,FCF71CVM/RZF71DVM,BRC7M635F,BYCQ125EAF8,"FCF71CVM / RZF71DVM + BRC7M635F + BYCQ125EAF8 7.1
(3.2-8.0) 24,200
(10,900-27,300) Bộ",BRC1E63|BRC7M635F,COMPATIBILITY_ONLY,BYCQ125EAF8,EXACT_BUNDLE_ASSIGNMENT,BUNDLE_ASSIGNMENT
CO INV,144,FCF71CVM/RZF71DYM,BRC1E63,BYCQ125EAF8,"FCF71CVM / RZF71DYM + BRC1E63 + BYCQ125EAF8 7.1
(3.2-8.0) 24,200
(10,900-27,300) Bộ",BRC1E63|BRC7M635F,COMPATIBILITY_ONLY,BYCQ125EAF8,EXACT_BUNDLE_ASSIGNMENT,BUNDLE_ASSIGNMENT
CO INV,229,FCF71CVM/RZF71DYM,BRC7M635F,BYCQ125EAF8,"FCF71CVM / RZF71DYM + BRC7M635F + BYCQ125EAF8 7.1
(3.2-8.0) 24,200
(10,900-27,300) Bộ",BRC1E63|BRC7M635F,COMPATIBILITY_ONLY,BYCQ125EAF8,EXACT_BUNDLE_ASSIGNMENT,BUNDLE_ASSIGNMENT
CO INV,728,FCFC100DVM/RZFC100EVM,BRC2E61,BYCQ125EAF8,"FCFC100DVM / RZFC100EVM + BRC2E61 + BYCQ125EAF8 #REF! 10.0
(5.0 - 11.2) 34,100
(17,100-38,200) Bộ",BRC2E61|BRC7F635F9,COMPATIBILITY_ONLY,BYCQ125EAF8,EXACT_BUNDLE_ASSIGNMENT,BUNDLE_ASSIGNMENT
CO INV,786,FCFC100DVM/RZFC100EVM,BRC7F635F9,BYCQ125EAF8,"FCFC100DVM / RZFC100EVM + BRC7F635F9 + BYCQ125EAF8 10.0
(5.0 - 11.2) 34,100
(17,100-38,200) Bộ",BRC2E61|BRC7F635F9,COMPATIBILITY_ONLY,BYCQ125EAF8,EXACT_BUNDLE_ASSIGNMENT,BUNDLE_ASSIGNMENT
CO INV,744,FCFC100DVM/RZFC100EY1,BRC2E61,BYCQ125EAF8,"FCFC100DVM / RZFC100EY1 + BRC2E61 + BYCQ125EAF8 #REF! 10.0
(5.0 - 11.2) 34,100
(17,100-38,200) Bộ",BRC2E61|BRC7F635F9,COMPATIBILITY_ONLY,BYCQ125EAF8,EXACT_BUNDLE_ASSIGNMENT,BUNDLE_ASSIGNMENT
CO INV,802,FCFC100DVM/RZFC100EY1,BRC7F635F9,BYCQ125EAF8,"FCFC100DVM / RZFC100EY1 + BRC7F635F9 + BYCQ125EAF8 10.0
(5.0 - 11.2) 34,100
(17,100-38,200) Bộ",BRC2E61|BRC7F635F9,COMPATIBILITY_ONLY,BYCQ125EAF8,EXACT_BUNDLE_ASSIGNMENT,BUNDLE_ASSIGNMENT
CO INV,749,FCFC125DVM/RZFC125EY1,BRC2E61,BYCQ125EAF8,"FCFC125DVM / RZFC125EY1 + BRC2E61 + BYCQ125EAF8 #REF! 12.5
(5.7 - 14.0) 42,700
(19,500-47,800) Bộ",BRC2E61|BRC7F635F9,COMPATIBILITY_ONLY,BYCQ125EAF8,EXACT_BUNDLE_ASSIGNMENT,BUNDLE_ASSIGNMENT
CO INV,807,FCFC125DVM/RZFC125EY1,BRC7F635F9,BYCQ125EAF8,"FCFC125DVM / RZFC125EY1 + BRC7F635F9 + BYCQ125EAF8 12.5
(5.7 - 14.0) 42,700
(19,500-47,800) Bộ",BRC2E61|BRC7F635F9,COMPATIBILITY_ONLY,BYCQ125EAF8,EXACT_BUNDLE_ASSIGNMENT,BUNDLE_ASSIGNMENT
CO INV,754,FCFC140DVM/RZFC140EY1,BRC2E61,BYCQ125EAF8,"FCFC140DVM / RZFC140EY1 + BRC2E61 + BYCQ125EAF8 14.0
(6.2 - 15.5) 47,800
(21,200-52,900) Bộ",BRC2E61|BRC7F635F9,COMPATIBILITY_ONLY,BYCQ125EAF8,EXACT_BUNDLE_ASSIGNMENT,BUNDLE_ASSIGNMENT
CO INV,812,FCFC140DVM/RZFC140EY1,BRC7F635F9,BYCQ125EAF8,"FCFC140DVM / RZFC140EY1 + BRC7F635F9 + BYCQ125EAF8 14.0
(6.2 - 15.5) 47,800
(21,200-52,900) Bộ",BRC2E61|BRC7F635F9,COMPATIBILITY_ONLY,BYCQ125EAF8,EXACT_BUNDLE_ASSIGNMENT,BUNDLE_ASSIGNMENT
CO INV,703,FCFC40DVM/RZFC40EVM,BRC2E61,BYCQ125EAF8,"FCFC40DVM / RZFC40EVM + BRC2E61 + BYCQ125EAF8 4.0
(1.8 - 4.5) 13,600
(6,100-15,400) Bộ",BRC2E61|BRC7F635F9,COMPATIBILITY_ONLY,BYCQ125EAF8,EXACT_BUNDLE_ASSIGNMENT,BUNDLE_ASSIGNMENT
CO INV,761,FCFC40DVM/RZFC40EVM,BRC7F635F9,BYCQ125EAF8,"FCFC40DVM / RZFC40EVM + BRC7F635F9 + BYCQ125EAF8 4.0
(1.8 - 4.5) 13,600
(6,100-15,400) Bộ",BRC2E61|BRC7F635F9,COMPATIBILITY_ONLY,BYCQ125EAF8,EXACT_BUNDLE_ASSIGNMENT,BUNDLE_ASSIGNMENT
CO INV,708,FCFC50DVM/RZFC50EVM,BRC2E61,BYCQ125EAF8,"FCFC50DVM / RZFC50EVM + BRC2E61 + BYCQ125EAF8 5.0
(2.3 - 5.6) 17,100
(7,800-19,100) Bộ",BRC2E61|BRC7F635F9,COMPATIBILITY_ONLY,BYCQ125EAF8,EXACT_BUNDLE_ASSIGNMENT,BUNDLE_ASSIGNMENT
CO INV,766,FCFC50DVM/RZFC50EVM,BRC7F635F9,BYCQ125EAF8,"FCFC50DVM / RZFC50EVM + BRC7F635F9 + BYCQ125EAF8 5.0
(2.3 - 5.6) 17,100
(7,800-19,100) Bộ",BRC2E61|BRC7F635F9,COMPATIBILITY_ONLY,BYCQ125EAF8,EXACT_BUNDLE_ASSIGNMENT,BUNDLE_ASSIGNMENT
CO INV,713,FCFC60DVM/RZFC60EVM,BRC2E61,BYCQ125EAF8,"FCFC60DVM / RZFC60EVM + BRC2E61 + BYCQ125EAF8 6.0
(2.6 - 6.3) 20,500
(8,900-21,500) Bộ",BRC2E61|BRC7F635F9,COMPATIBILITY_ONLY,BYCQ125EAF8,EXACT_BUNDLE_ASSIGNMENT,BUNDLE_ASSIGNMENT
CO INV,771,FCFC60DVM/RZFC60EVM,BRC7F635F9,BYCQ125EAF8,"FCFC60DVM / RZFC60EVM + BRC7F635F9 + BYCQ125EAF8  6.0
(2.6 - 6.3) 20,500
(8,900-21,500) Bộ",BRC2E61|BRC7F635F9,COMPATIBILITY_ONLY,BYCQ125EAF8,EXACT_BUNDLE_ASSIGNMENT,BUNDLE_ASSIGNMENT
CO INV,718,FCFC71DVM/RZFC71EVM,BRC2E61,BYCQ125EAF8,"FCFC71DVM / RZFC71EVM + BRC2E61 + BYCQ125EAF8 7.1
(3.2 - 8.0) 24,200
(10,900-27,300) Bộ",BRC2E61|BRC7F635F9,COMPATIBILITY_ONLY,BYCQ125EAF8,EXACT_BUNDLE_ASSIGNMENT,BUNDLE_ASSIGNMENT
CO INV,776,FCFC71DVM/RZFC71EVM,BRC7F635F9,BYCQ125EAF8,"FCFC71DVM / RZFC71EVM + BRC7F635F9 + BYCQ125EAF8 7.1
(3.2 - 8.0) 24,200
(10,900-27,300) Bộ",BRC2E61|BRC7F635F9,COMPATIBILITY_ONLY,BYCQ125EAF8,EXACT_BUNDLE_ASSIGNMENT,BUNDLE_ASSIGNMENT
CO INV,734,FCFC71DVM/RZFC71EY1,BRC2E61,BYCQ125EAF8,"FCFC71DVM / RZFC71EY1 + BRC2E61 + BYCQ125EAF8 7.1
(3.2 - 8.0) 24,200
(10,900-27,300) Bộ",BRC2E61|BRC7F635F9,COMPATIBILITY_ONLY,BYCQ125EAF8,EXACT_BUNDLE_ASSIGNMENT,BUNDLE_ASSIGNMENT
CO INV,792,FCFC71DVM/RZFC71EY1,BRC7F635F9,BYCQ125EAF8,"FCFC71DVM / RZFC71EY1 + BRC7F635F9 + BYCQ125EAF8 7.1
(3.2 - 8.0) 24,200
(10,900-27,300) Bộ",BRC2E61|BRC7F635F9,COMPATIBILITY_ONLY,BYCQ125EAF8,EXACT_BUNDLE_ASSIGNMENT,BUNDLE_ASSIGNMENT
CO INV,723,FCFC85DVM/RZFC85EVM,BRC2E61,BYCQ125EAF8,"FCFC85DVM / RZFC85EVM + BRC2E61 + BYCQ125EAF8 8.5
(4.2 - 10.0) 29,000
(14,300-34,100) Bộ",BRC2E61|BRC7F635F9,COMPATIBILITY_ONLY,BYCQ125EAF8,EXACT_BUNDLE_ASSIGNMENT,BUNDLE_ASSIGNMENT
CO INV,781,FCFC85DVM/RZFC85EVM,BRC7F635F9,BYCQ125EAF8,"FCFC85DVM / RZFC85EVM + BRC7F635F9 + BYCQ125EAF8 8.5
(4.2 - 10.0) 29,000
(14,300-34,100) Bộ",BRC2E61|BRC7F635F9,COMPATIBILITY_ONLY,BYCQ125EAF8,EXACT_BUNDLE_ASSIGNMENT,BUNDLE_ASSIGNMENT
CO INV,739,FCFC85DVM/RZFC85EY1,BRC2E61,BYCQ125EAF8,"FCFC85DVM / RZFC85EY1 + BRC2E61 + BYCQ125EAF8 8.5
(4.2 - 10.0) 29,000
(14,300-34,100) Bộ",BRC2E61|BRC7F635F9,COMPATIBILITY_ONLY,BYCQ125EAF8,EXACT_BUNDLE_ASSIGNMENT,BUNDLE_ASSIGNMENT
CO INV,797,FCFC85DVM/RZFC85EY1,BRC7F635F9,BYCQ125EAF8,"FCFC85DVM / RZFC85EY1 + BRC7F635F9 + BYCQ125EAF8 8.5
(4.2 - 10.0) 29,000
(14,300-34,100) Bộ",BRC2E61|BRC7F635F9,COMPATIBILITY_ONLY,BYCQ125EAF8,EXACT_BUNDLE_ASSIGNMENT,BUNDLE_ASSIGNMENT
CO INV,687,FCFG100AV1V/RZFC100AV19,,,"FCFG100AV1V / RZFC100AV19 + BCR50GV 10.55
(5.00-11.20) 36,000
(17,100-38,200) Bộ",,NO_SOURCE_EVIDENCE,,NO_SOURCE_EVIDENCE,BUNDLE_ASSIGNMENT
CO INV,692,FCFG125AV1V/RZFC125AY19,,,"FCFG125AV1V / RZFC125AY19 + BCR50GV 12.31
(5.70-14.00) 42,000
(19,500-47,800) Bộ",,NO_SOURCE_EVIDENCE,,NO_SOURCE_EVIDENCE,BUNDLE_ASSIGNMENT
CO INV,696,FCFG140AV1V/RZFC140AY19,,,"FCFG140AV1V / RZFC140AY19 + BCR50GV 14.07
(6.20-15.50) 48,000
(21,200-52,900) Bộ",,NO_SOURCE_EVIDENCE,,NO_SOURCE_EVIDENCE,BUNDLE_ASSIGNMENT
CO INV,671,FCFG50AV1V/RZFC50AGV19,,,"FCFG50AV1V / RZFC50AGV19 + BCR50GV 5.42
(2.30-5.60) 18,500
(7,800-19,100) Bộ",,NO_SOURCE_EVIDENCE,,NO_SOURCE_EVIDENCE,BUNDLE_ASSIGNMENT
CO INV,675,FCFG60AV1V/RZFC60AGV19,,,"FCFG60AV1V / RZFC60AGV19 + BCR50GV 6.00
(2.60-6.30) 20,500
(8,900-21,500) Bộ",,NO_SOURCE_EVIDENCE,,NO_SOURCE_EVIDENCE,BUNDLE_ASSIGNMENT
CO INV,679,FCFG71AV1V/RZFC71AGV19,,,"FCFG71AV1V / RZFC71AGV19 + BCR50GV 7.10
(3.20-8.00) 24,200
(10,900-27,300) Bộ",,NO_SOURCE_EVIDENCE,,NO_SOURCE_EVIDENCE,BUNDLE_ASSIGNMENT
CO INV,683,FCFG85AV1V/RZFC85AV19,,,"FCFG85AV1V / RZFC85AV19 + BCR50GV 8.79
(4.20-10.00) 30,000
(14,300-34,100) Bộ",,NO_SOURCE_EVIDENCE,,NO_SOURCE_EVIDENCE,BUNDLE_ASSIGNMENT
NON INV,17,FCNQ13MV1/RNQ13MV1,BRC2E61,,FCNQ13MV1 / RNQ13MV1 + BRC2E61 + BYCP125K-W18 3.8 13000 Bộ,BRC2E61|BRC7F633F9,COMPATIBILITY_ONLY,,NO_SOURCE_EVIDENCE,BUNDLE_ASSIGNMENT
NON INV,75,FCNQ13MV1/RNQ13MV1,BRC7F633F9,,FCNQ13MV1 / RNQ13MV1 + BRC7F633F9 + BYCP125K-W18 3.8 13000 Bộ,BRC2E61|BRC7F633F9,COMPATIBILITY_ONLY,,NO_SOURCE_EVIDENCE,BUNDLE_ASSIGNMENT
NON INV,22,FCNQ18MV1/RNQ18MV19,BRC2E61,,FCNQ18MV1 / RNQ18MV19 + BRC2E61 + BYCP125K-W18 5.3 18000 Bộ,BRC2E61|BRC7F633F9,COMPATIBILITY_ONLY,,NO_SOURCE_EVIDENCE,BUNDLE_ASSIGNMENT
NON INV,80,FCNQ18MV1/RNQ18MV19,BRC7F633F9,,FCNQ18MV1 / RNQ18MV19 + BRC7F633F9 + BYCP125K-W18 5.3 18000 Bộ,BRC2E61|BRC7F633F9,COMPATIBILITY_ONLY,,NO_SOURCE_EVIDENCE,BUNDLE_ASSIGNMENT
NON INV,27,FCNQ21MV1/RNQ21MV19,BRC2E61,,FCNQ21MV1 / RNQ21MV19 + BRC2E61 + BYCP125K-W18 6.2 21000 Bộ,BRC2E61|BRC7F633F9,COMPATIBILITY_ONLY,,NO_SOURCE_EVIDENCE,BUNDLE_ASSIGNMENT
NON INV,85,FCNQ21MV1/RNQ21MV19,BRC7F633F9,,FCNQ21MV1 / RNQ21MV19 + BRC7F633F9 + BYCP125K-W18 6.2 21000 Bộ,BRC2E61|BRC7F633F9,COMPATIBILITY_ONLY,,NO_SOURCE_EVIDENCE,BUNDLE_ASSIGNMENT
NON INV,32,FCNQ26MV1/RNQ26MV19,BRC2E61,,FCNQ26MV1 / RNQ26MV19 + BRC2E61 + BYCP125K-W18 7.6 26000 Bộ,BRC2E61|BRC7F633F9,COMPATIBILITY_ONLY,,NO_SOURCE_EVIDENCE,BUNDLE_ASSIGNMENT
NON INV,90,FCNQ26MV1/RNQ26MV19,BRC7F633F9,,FCNQ26MV1 / RNQ26MV19 + BRC7F633F9 + BYCP125K-W18 7.6 26000 Bộ,BRC2E61|BRC7F633F9,COMPATIBILITY_ONLY,,NO_SOURCE_EVIDENCE,BUNDLE_ASSIGNMENT
NON INV,48,FCNQ26MV1/RNQ26MY1,BRC2E61,,FCNQ26MV1 / RNQ26MY1 + BRC2E61 + BYCP125K-W18 7.6 26000 Bộ,BRC2E61|BRC7F633F9,COMPATIBILITY_ONLY,,NO_SOURCE_EVIDENCE,BUNDLE_ASSIGNMENT
NON INV,106,FCNQ26MV1/RNQ26MY1,BRC7F633F9,,FCNQ26MV1 / RNQ26MY1 + BRC7F633F9 + BYCP125K-W18 7.6 26000 Bộ,BRC2E61|BRC7F633F9,COMPATIBILITY_ONLY,,NO_SOURCE_EVIDENCE,BUNDLE_ASSIGNMENT
NON INV,37,FCNQ30MV1/RNQ30MV1,BRC2E61,,FCNQ30MV1 / RNQ30MV1 + BRC2E61 + BYCP125K-W18 8.8 30000 Bộ,BRC2E61|BRC7F633F9,COMPATIBILITY_ONLY,,NO_SOURCE_EVIDENCE,BUNDLE_ASSIGNMENT
NON INV,95,FCNQ30MV1/RNQ30MV1,BRC7F633F9,,FCNQ30MV1 / RNQ30MV1 + BRC7F633F9 + BYCP125K-W18 8.8 30000 Bộ,BRC2E61|BRC7F633F9,COMPATIBILITY_ONLY,,NO_SOURCE_EVIDENCE,BUNDLE_ASSIGNMENT
NON INV,53,FCNQ30MV1/RNQ30MY1,BRC2E61,,FCNQ30MV1 / RNQ30MY1 + BRC2E61 + BYCP125K-W18 8.8 30000 Bộ,BRC2E61|BRC7F633F9,COMPATIBILITY_ONLY,,NO_SOURCE_EVIDENCE,BUNDLE_ASSIGNMENT
NON INV,111,FCNQ30MV1/RNQ30MY1,BRC7F633F9,,FCNQ30MV1 / RNQ30MY1 + BRC7F633F9 + BYCP125K-W18 8.8 30000 Bộ,BRC2E61|BRC7F633F9,COMPATIBILITY_ONLY,,NO_SOURCE_EVIDENCE,BUNDLE_ASSIGNMENT
NON INV,42,FCNQ36MV1/RNQ36MV1,BRC2E61,,FCNQ36MV1 / RNQ36MV1 + BRC2E61 + BYCP125K-W18 10.6 36000 Bộ,BRC2E61|BRC7F633F9,COMPATIBILITY_ONLY,,NO_SOURCE_EVIDENCE,BUNDLE_ASSIGNMENT
NON INV,100,FCNQ36MV1/RNQ36MV1,BRC7F633F9,,FCNQ36MV1 / RNQ36MV1 + BRC7F633F9 + BYCP125K-W18 10.6 36000 Bộ,BRC2E61|BRC7F633F9,COMPATIBILITY_ONLY,,NO_SOURCE_EVIDENCE,BUNDLE_ASSIGNMENT
NON INV,58,FCNQ36MV1/RNQ36MY1,BRC2E61,,FCNQ36MV1 / RNQ36MY1 + BRC2E61 + BYCP125K-W18 10.6 36000 Bộ,BRC2E61|BRC7F633F9,COMPATIBILITY_ONLY,,NO_SOURCE_EVIDENCE,BUNDLE_ASSIGNMENT
NON INV,116,FCNQ36MV1/RNQ36MY1,BRC7F633F9,,FCNQ36MV1 / RNQ36MY1 + BRC7F633F9 + BYCP125K-W18 10.6 36000 Bộ,BRC2E61|BRC7F633F9,COMPATIBILITY_ONLY,,NO_SOURCE_EVIDENCE,BUNDLE_ASSIGNMENT
NON INV,63,FCNQ42MV1/RNQ42MY1,BRC2E61,,FCNQ42MV1 / RNQ42MY1 + BRC2E61 + BYCP125K-W18 #REF! 12.5 42600 Bộ,BRC2E61|BRC7F633F9,COMPATIBILITY_ONLY,,NO_SOURCE_EVIDENCE,BUNDLE_ASSIGNMENT
NON INV,121,FCNQ42MV1/RNQ42MY1,BRC7F633F9,,FCNQ42MV1 / RNQ42MY1 + BRC7F633F9 + BYCP125K-W18 12.5 42600 Bộ,BRC2E61|BRC7F633F9,COMPATIBILITY_ONLY,,NO_SOURCE_EVIDENCE,BUNDLE_ASSIGNMENT
NON INV,68,FCNQ48MV1/RNQ48MY1,BRC2E61,,FCNQ48MV1 / RNQ48MY1 + BRC2E61 + BYCP125K-W18 14.1 48000 Bộ,BRC2E61|BRC7F633F9,COMPATIBILITY_ONLY,,NO_SOURCE_EVIDENCE,BUNDLE_ASSIGNMENT
NON INV,126,FCNQ48MV1/RNQ48MY1,BRC7F633F9,,FCNQ48MV1 / RNQ48MY1 + BRC7F633F9 + BYCP125K-W18 14.1 48000 Bộ,BRC2E61|BRC7F633F9,COMPATIBILITY_ONLY,,NO_SOURCE_EVIDENCE,BUNDLE_ASSIGNMENT
HP INV,26,FCTF100AVM/RZA100DV1,BRC1H63W,BYCQ125EAF8,"FCTF100AVM / RZA100DV1 + BRC1H63W + BYCQ125EAF8 10.0
(3.2-11.2) 34,100
(10,900-38,200) 11.2
(3.5-12.5) 38,200
(11,900-42,700) Bộ",BRC1H63W,EXACT_BUNDLE_ASSIGNMENT,BYCQ125EAF8,EXACT_BUNDLE_ASSIGNMENT,BUNDLE_ASSIGNMENT
HP INV,42,FCTF100AVM/RZA100DY1,BRC1H63W,BYCQ125EAF8,"FCTF100AVM / RZA100DY1 + BRC1H63W + BYCQ125EAF8 10.0
(5.0-11.2) 34,100
(17,100-38,200) 11.2
(5.1-12.5) 38,200
(17,400-42,700) Bộ",BRC1H63W,EXACT_BUNDLE_ASSIGNMENT,BYCQ125EAF8,EXACT_BUNDLE_ASSIGNMENT,BUNDLE_ASSIGNMENT
CO INV,27,FCTF100AVM/RZF100CVM,BRC1H63W,BYCQ125EAF8,"FCTF100AVM / RZF100CVM + BRC1H63W + BYCQ125EAF8 10.0
(5.0-11.2) 34,100
(17,100-38,200) Bộ",BRC1H63W,EXACT_BUNDLE_ASSIGNMENT,BYCQ125EAF8,EXACT_BUNDLE_ASSIGNMENT,BUNDLE_ASSIGNMENT
CO INV,64,FCTF100AVM/RZF100CYM,BRC1H63W,BYCQ125EAF8,"FCTF100AVM / RZF100CYM + BRC1H63W + BYCQ125EAF8 10.0
(5.0-11.2) 34,100
(17,100-38,200) Bộ",BRC1H63W,EXACT_BUNDLE_ASSIGNMENT,BYCQ125EAF8,EXACT_BUNDLE_ASSIGNMENT,BUNDLE_ASSIGNMENT
CO INV,43,FCTF100AVM/RZF100DVM,BRC1H63W,BYCQ125EAF8,"FCTF100AVM / RZF100DVM + BRC1H63W + BYCQ125EAF8 10.0
(5.0-11.2) 34,100
(17,100-38,200) Bộ",BRC1H63W,EXACT_BUNDLE_ASSIGNMENT,BYCQ125EAF8,EXACT_BUNDLE_ASSIGNMENT,BUNDLE_ASSIGNMENT
CO INV,80,FCTF100AVM/RZF100DYM,BRC1H63W,BYCQ125EAF8,"FCTF100AVM / RZF100DYM + BRC1H63W + BYCQ125EAF8 10.0
(5.0-11.2) 34,100
(17,100-38,200) Bộ",BRC1H63W,EXACT_BUNDLE_ASSIGNMENT,BYCQ125EAF8,EXACT_BUNDLE_ASSIGNMENT,BUNDLE_ASSIGNMENT
HP INV,31,FCTF125AVM/RZA125DV1,BRC1H63W,BYCQ125EAF8,"FCTF125AVM / RZA125DV1 + BRC1H63W + BYCQ125EAF8 12.5
(5.0-14.0) 42,700
(17,100-47,800) 14.0
(5.1-16.0) 47,800
(17,400-54,600) Bộ",BRC1H63W,EXACT_BUNDLE_ASSIGNMENT,BYCQ125EAF8,EXACT_BUNDLE_ASSIGNMENT,BUNDLE_ASSIGNMENT
HP INV,47,FCTF125AVM/RZA125DY1,BRC1H63W,BYCQ125EAF8,"FCTF125AVM / RZA125DY1 + BRC1H63W + BYCQ125EAF8 12.5
(5.0-14.0) 42,700
(17,100-47,800) 14.0
(5.1-16.0) 47,800
(17,400-54,600) Bộ",BRC1H63W,EXACT_BUNDLE_ASSIGNMENT,BYCQ125EAF8,EXACT_BUNDLE_ASSIGNMENT,BUNDLE_ASSIGNMENT
CO INV,32,FCTF125AVM/RZF125CVM,BRC1H63W,BYCQ125EAF8,"FCTF125AVM / RZF125CVM + BRC1H63W + BYCQ125EAF8 12.5
(5.7-14.0) 42,700
(19,500-47,800) Bộ",BRC1H63W,EXACT_BUNDLE_ASSIGNMENT,BYCQ125EAF8,EXACT_BUNDLE_ASSIGNMENT,BUNDLE_ASSIGNMENT
CO INV,69,FCTF125AVM/RZF125CYM,BRC1H63W,BYCQ125EAF8,"FCTF125AVM / RZF125CYM + BRC1H63W + BYCQ125EAF8 12.5
(5.7-14.0) 42,700
(19,500-47,800) Bộ",BRC1H63W,EXACT_BUNDLE_ASSIGNMENT,BYCQ125EAF8,EXACT_BUNDLE_ASSIGNMENT,BUNDLE_ASSIGNMENT
CO INV,48,FCTF125BVM/RZF125DVM,BRC1H63W,BYCQ125EAF8,"FCTF125BVM / RZF125DVM + BRC1H63W + BYCQ125EAF8 12.5
(5.7-14.0) 42,700
(19,500-47,800) Bộ",BRC1H63W,EXACT_BUNDLE_ASSIGNMENT,BYCQ125EAF8,EXACT_BUNDLE_ASSIGNMENT,BUNDLE_ASSIGNMENT
CO INV,85,FCTF125BVM/RZF125DYM,BRC1H63W,BYCQ125EAF8,"FCTF125BVM / RZF125DYM + BRC1H63W + BYCQ125EAF8 12.5
(5.7-14.0) 42,700
(19,500-47,800) Bộ",BRC1H63W,EXACT_BUNDLE_ASSIGNMENT,BYCQ125EAF8,EXACT_BUNDLE_ASSIGNMENT,BUNDLE_ASSIGNMENT
HP INV,36,FCTF140AVM/RZA140DV1,BRC1H63W,BYCQ125EAF8,"FCTF140AVM / RZA140DV1 + BRC1H63W + BYCQ125EAF8 14.0
(5.0-16.0) 47,800
(17,100-54,600) 16.0
(5.1-18.0) 54,600
(17,400-61,400) Bộ",BRC1H63W,EXACT_BUNDLE_ASSIGNMENT,BYCQ125EAF8,EXACT_BUNDLE_ASSIGNMENT,BUNDLE_ASSIGNMENT
HP INV,52,FCTF140AVM/RZA140DY1,BRC1H63W,BYCQ125EAF8,"FCTF140AVM / RZA140DY1 + BRC1H63W + BYCQ125EAF8 14.0
(5.0-16.0) 47,800
(17,100-54,600) 16.0
(5.1-18.0) 54,600
(17,400-61,400) Bộ",BRC1H63W,EXACT_BUNDLE_ASSIGNMENT,BYCQ125EAF8,EXACT_BUNDLE_ASSIGNMENT,BUNDLE_ASSIGNMENT
CO INV,37,FCTF140AVM/RZF140CVM,BRC1H63W,BYCQ125EAF8,"FCTF140AVM / RZF140CVM + BRC1H63W + BYCQ125EAF8 14.0
(6.2-15.5) 47,800
(21,200-52,900) Bộ",BRC1H63W,EXACT_BUNDLE_ASSIGNMENT,BYCQ125EAF8,EXACT_BUNDLE_ASSIGNMENT,BUNDLE_ASSIGNMENT
CO INV,74,FCTF140AVM/RZF140CYM,BRC1H63W,BYCQ125EAF8,"FCTF140AVM / RZF140CYM + BRC1H63W + BYCQ125EAF8 14.0
(6.2-15.5) 47,800
(21,200-52,900) Bộ",BRC1H63W,EXACT_BUNDLE_ASSIGNMENT,BYCQ125EAF8,EXACT_BUNDLE_ASSIGNMENT,BUNDLE_ASSIGNMENT
CO INV,53,FCTF140BVM/RZF140DVM,BRC1H63W,BYCQ125EAF8,"FCTF140BVM / RZF140DVM + BRC1H63W + BYCQ125EAF8 14.0
(6.2-15.5) 47,800
(21,200-52,900) Bộ",BRC1H63W,EXACT_BUNDLE_ASSIGNMENT,BYCQ125EAF8,EXACT_BUNDLE_ASSIGNMENT,BUNDLE_ASSIGNMENT
CO INV,90,FCTF140BVM/RZF140DYM,BRC1H63W,BYCQ125EAF8,"FCTF140BVM / RZF140DYM + BRC1H63W + BYCQ125EAF8 14.0
(6.2-15.5) 47,800
(21,200-52,900) Bộ",BRC1H63W,EXACT_BUNDLE_ASSIGNMENT,BYCQ125EAF8,EXACT_BUNDLE_ASSIGNMENT,BUNDLE_ASSIGNMENT
HP INV,11,FCTF50AVM/RZA50DV2V,BRC1H63W,BYCQ125EAF8,"FCTF50AVM / RZA50DV2V + BRC1H63W + BYCQ125EAF8 5.0
(1.4-6.0) 17,100
(4,800-20,500) 6.0
(1.4-7.1) 20,500
(4,800-24,200) Bộ",BRC1H63W,EXACT_BUNDLE_ASSIGNMENT,BYCQ125EAF8,EXACT_BUNDLE_ASSIGNMENT,BUNDLE_ASSIGNMENT
CO INV,12,FCTF50AVM/RZF50DVM,BRC1H63W,BYCQ125EAF8,"FCTF50AVM / RZF50DVM + BRC1H63W + BYCQ125EAF8 5.0
(2.3-5.6) 17,100
(7,800-19,100) Bộ",BRC1H63W,EXACT_BUNDLE_ASSIGNMENT,BYCQ125EAF8,EXACT_BUNDLE_ASSIGNMENT,BUNDLE_ASSIGNMENT
HP INV,16,FCTF60AVM/RZA60DV2V,BRC1H63W,BYCQ125EAF8,"FCTF60AVM / RZA60DV2V + BRC1H63W + BYCQ125EAF8 6.0
(1.4-7.1) 20,500
(4,800-24,200) 7.1
(1.4-8.0) 23,200
(4,800-27,300) Bộ",BRC1H63W,EXACT_BUNDLE_ASSIGNMENT,BYCQ125EAF8,EXACT_BUNDLE_ASSIGNMENT,BUNDLE_ASSIGNMENT
CO INV,17,FCTF60AVM/RZF60DVM,BRC1H63W,BYCQ125EAF8,"FCTF60AVM / RZF60DVM + BRC1H63W + BYCQ125EAF8 6.0
(2.6-6.3) 20,500
(8,900-21,500) Bộ",BRC1H63W,EXACT_BUNDLE_ASSIGNMENT,BYCQ125EAF8,EXACT_BUNDLE_ASSIGNMENT,BUNDLE_ASSIGNMENT
HP INV,21,FCTF71AVM/RZA71DV1,BRC1H63W,BYCQ125EAF8,"FCTF71AVM / RZA71DV1 + BRC1H63W + BYCQ125EAF8 7.1
(3.2-8.0) 24,200
(10,900-27,300) 8.0
(3.5-9.0) 27,300
(12,000-30,700) Bộ",BRC1H63W,EXACT_BUNDLE_ASSIGNMENT,BYCQ125EAF8,EXACT_BUNDLE_ASSIGNMENT,BUNDLE_ASSIGNMENT
CO INV,22,FCTF71AVM/RZF71DVM,BRC1H63W,BYCQ125EAF8,"FCTF71AVM / RZF71DVM + BRC1H63W + BYCQ125EAF8 7.1
(3.2-8.0) 24,200
(10,900-27,300) Bộ",BRC1H63W,EXACT_BUNDLE_ASSIGNMENT,BYCQ125EAF8,EXACT_BUNDLE_ASSIGNMENT,BUNDLE_ASSIGNMENT
CO INV,59,FCTF71AVM/RZF71DYM,BRC1H63W,BYCQ125EAF8,"FCTF71AVM / RZF71DYM + BRC1H63W + BYCQ125EAF8 7.1
(3.2-8.0) 24,200
(10,900-27,300) Bộ",BRC1H63W,EXACT_BUNDLE_ASSIGNMENT,BYCQ125EAF8,EXACT_BUNDLE_ASSIGNMENT,BUNDLE_ASSIGNMENT
NON INV,162,FDBNQ09MV1V/RNQ09MV1V,BRC2E61,,FDBNQ09MV1V / RNQ09MV1V + BRC2E61 2.7 9200 Bộ,BRC2E61|BRC4C64-9,COMPATIBILITY_ONLY,,NO_SOURCE_EVIDENCE,BUNDLE_ASSIGNMENT
NON INV,218,FDBNQ09MV1V/RNQ09MV1V,BRC4C64-9,,FDBNQ09MV1V / RNQ09MV1V + BRC4C64-9 2.7 9200 Bộ,BRC2E61|BRC4C64-9,COMPATIBILITY_ONLY,,NO_SOURCE_EVIDENCE,BUNDLE_ASSIGNMENT
NON INV,166,FDBNQ13MV1V/RNQ13MV1V,BRC2E61,,FDBNQ13MV1V / RNQ13MV1V + BRC2E61 3.8 13000 Bộ,BRC2E61|BRC4C64-9,COMPATIBILITY_ONLY,,NO_SOURCE_EVIDENCE,BUNDLE_ASSIGNMENT
NON INV,222,FDBNQ13MV1V/RNQ13MV1V,BRC4C64-9,,FDBNQ13MV1V / RNQ13MV1V + BRC4C64-9 3.8 13000 Bộ,BRC2E61|BRC4C64-9,COMPATIBILITY_ONLY,,NO_SOURCE_EVIDENCE,BUNDLE_ASSIGNMENT
NON INV,170,FDBNQ18MV1V/RNQ18MV1V,BRC2E61,,FDBNQ18MV1V / RNQ18MV1V + BRC2E61 5.2 17700 Bộ,BRC2E61|BRC4C64-9,COMPATIBILITY_ONLY,,NO_SOURCE_EVIDENCE,BUNDLE_ASSIGNMENT
NON INV,226,FDBNQ18MV1V/RNQ18MV1V,BRC4C64-9,,FDBNQ18MV1V / RNQ18MV1V + BRC4C64-9 5.2 17700 Bộ,BRC2E61|BRC4C64-9,COMPATIBILITY_ONLY,,NO_SOURCE_EVIDENCE,BUNDLE_ASSIGNMENT
NON INV,174,FDBNQ21MV1V/RNQ21MV1V,BRC2E61,,FDBNQ21MV1V / RNQ21MV1V + BRC2E61 6.2 21000 Bộ,BRC2E61|BRC4C64-9,COMPATIBILITY_ONLY,,NO_SOURCE_EVIDENCE,BUNDLE_ASSIGNMENT
NON INV,230,FDBNQ21MV1V/RNQ21MV1V,BRC4C64-9,,FDBNQ21MV1V / RNQ21MV1V + BRC4C64-9 6.2 21000 Bộ,BRC2E61|BRC4C64-9,COMPATIBILITY_ONLY,,NO_SOURCE_EVIDENCE,BUNDLE_ASSIGNMENT
NON INV,178,FDBNQ24MV1V/RNQ24MV1V,BRC2E61,,FDBNQ24MV1V / RNQ24MV1V + BRC2E61 7.1 24200 Bộ,BRC2E61|BRC4C64-9,COMPATIBILITY_ONLY,,NO_SOURCE_EVIDENCE,BUNDLE_ASSIGNMENT
NON INV,234,FDBNQ24MV1V/RNQ24MV1V,BRC4C64-9,,FDBNQ24MV1V / RNQ24MV1V + BRC4C64-9 7.1 24200 Bộ,BRC2E61|BRC4C64-9,COMPATIBILITY_ONLY,,NO_SOURCE_EVIDENCE,BUNDLE_ASSIGNMENT
CO INV,954,FDLF40DV1/RZFC40EVM,BRC2E61,,"FDLF40DV1 / RZFC40EVM + BRC2E61 4.0
(1.8-4.5) 13,600
(6,100-15,400) Bộ",BRC2E61|BRC4C66,COMPATIBILITY_ONLY,,NO_SOURCE_EVIDENCE,BUNDLE_ASSIGNMENT
CO INV,985,FDLF40DV1/RZFC40EVM,BRC4C66,,"FDLF40DV1 / RZFC40EVM + BRC4C66 4.0
(1.8-4.5) 13,600
(6,100-15,400) Bộ",BRC2E61|BRC4C66,COMPATIBILITY_ONLY,,NO_SOURCE_EVIDENCE,BUNDLE_ASSIGNMENT
CO INV,958,FDLF50DV1/RZFC50EVM,BRC2E61,,"FDLF50DV1 / RZFC50EVM + BRC2E61 5.0
(2.3-5.6) 17,000
(7,800-19,100) Bộ",BRC2E61|BRC4C66,COMPATIBILITY_ONLY,,NO_SOURCE_EVIDENCE,BUNDLE_ASSIGNMENT
CO INV,989,FDLF50DV1/RZFC50EVM,BRC4C66,,"FDLF50DV1 / RZFC50EVM + BRC4C66 5.0
(2.3-5.6) 17,000
(7,800-19,100) Bộ",BRC2E61|BRC4C66,COMPATIBILITY_ONLY,,NO_SOURCE_EVIDENCE,BUNDLE_ASSIGNMENT
CO INV,962,FDLF60DV1/RZFC60EVM,BRC2E61,,"FDLF60DV1 / RZFC60EVM + BRC2E61 6.0
(2.6-6.3) 20,500
(8,900-21,500) Bộ",BRC2E61|BRC4C66,COMPATIBILITY_ONLY,,NO_SOURCE_EVIDENCE,BUNDLE_ASSIGNMENT
CO INV,993,FDLF60DV1/RZFC60EVM,BRC4C66,,"FDLF60DV1 / RZFC60EVM + BRC4C66 6.0
(2.6-6.3) 20,500
(8,900-21,500) Bộ",BRC2E61|BRC4C66,COMPATIBILITY_ONLY,,NO_SOURCE_EVIDENCE,BUNDLE_ASSIGNMENT
CO INV,966,FDLF71DV1/RZFC71EVM,BRC2E61,,"FDLF71DV1 / RZFC71EVM + BRC2E61 7.1
(3.2-8.0) 24,200
(10,900-27,300) Bộ",BRC2E61|BRC4C66,COMPATIBILITY_ONLY,,NO_SOURCE_EVIDENCE,BUNDLE_ASSIGNMENT
CO INV,997,FDLF71DV1/RZFC71EVM,BRC4C66,,"FDLF71DV1 / RZFC71EVM + BRC4C66 7.1
(3.2-8.0) 24,200
(10,900-27,300) Bộ",BRC2E61|BRC4C66,COMPATIBILITY_ONLY,,NO_SOURCE_EVIDENCE,BUNDLE_ASSIGNMENT
CO INV,975,FDLF71DV1/RZFC71EY1,BRC2E61,,"FDLF71DV1 / RZFC71EY1 + BRC2E61 7.1
(3.2-8.0) 24,200
(10,900-27,300) Bộ",BRC2E61|BRC4C66,COMPATIBILITY_ONLY,,NO_SOURCE_EVIDENCE,BUNDLE_ASSIGNMENT
CO INV,1006,FDLF71DV1/RZFC71EY1,BRC4C66,,"FDLF71DV1 / RZFC71EY1 + BRC4C66 7.1
(3.2-8.0) 24,200
(10,900-27,300) Bộ",BRC2E61|BRC4C66,COMPATIBILITY_ONLY,,NO_SOURCE_EVIDENCE,BUNDLE_ASSIGNMENT
CO INV,970,FDLF85DV1/RZFC85EVM,BRC2E61,,"FDLF85DV1 / RZFC85EVM + BRC2E61 8.5
(4.2-10.0) 29,000
(14,300-34,100) Bộ",BRC2E61|BRC4C66,COMPATIBILITY_ONLY,,NO_SOURCE_EVIDENCE,BUNDLE_ASSIGNMENT
CO INV,1001,FDLF85DV1/RZFC85EVM,BRC4C66,,"FDLF85DV1 / RZFC85EVM + BRC4C66 8.5
(4.2-10.0) 29,000
(14,300-34,100) Bộ",BRC2E61|BRC4C66,COMPATIBILITY_ONLY,,NO_SOURCE_EVIDENCE,BUNDLE_ASSIGNMENT
CO INV,979,FDLF85DV1/RZFC85EY1,BRC2E61,,"FDLF85DV1 / RZFC85EY1 + BRC2E61 8.5
(4.2-10.0) 29,000
(14,300-34,100) Bộ",BRC2E61|BRC4C66,COMPATIBILITY_ONLY,,NO_SOURCE_EVIDENCE,BUNDLE_ASSIGNMENT
CO INV,1010,FDLF85DV1/RZFC85EY1,BRC4C66,,"FDLF85DV1 / RZFC85EY1 + BRC4C66 8.5
(4.2-10.0) 29,000
(14,300-34,100) Bộ",BRC2E61|BRC4C66,COMPATIBILITY_ONLY,,NO_SOURCE_EVIDENCE,BUNDLE_ASSIGNMENT
NON INV,184,FDMNQ26MV1/RNQ26MV19,BRC2E61,,FDMNQ26MV1 / RNQ26MV19 + BRC2E61 7.6 26000 Bộ,BRC2E61|BRC4C64-9,COMPATIBILITY_ONLY,,NO_SOURCE_EVIDENCE,BUNDLE_ASSIGNMENT
NON INV,240,FDMNQ26MV1/RNQ26MV19,BRC4C64-9,,FDMNQ26MV1 / RNQ26MV19 + BRC4C64-9 7.6 26000 Bộ,BRC2E61|BRC4C64-9,COMPATIBILITY_ONLY,,NO_SOURCE_EVIDENCE,BUNDLE_ASSIGNMENT
NON INV,197,FDMNQ26MV1/RNQ26MY1,BRC2E61,,FDMNQ26MV1 / RNQ26MY1 + BRC2E61 7.6 26000 Bộ,BRC2E61|BRC4C64-9,COMPATIBILITY_ONLY,,NO_SOURCE_EVIDENCE,BUNDLE_ASSIGNMENT
NON INV,253,FDMNQ26MV1/RNQ26MY1,BRC4C64-9,,FDMNQ26MV1 / RNQ26MY1 + BRC4C64-9 7.6 26000 Bộ,BRC2E61|BRC4C64-9,COMPATIBILITY_ONLY,,NO_SOURCE_EVIDENCE,BUNDLE_ASSIGNMENT
NON INV,188,FDMNQ30MV1/RNQ30MV1,BRC2E61,,FDMNQ30MV1 / RNQ30MV1 + BRC2E61 8.8 30000 Bộ,BRC2E61|BRC4C64-9,COMPATIBILITY_ONLY,,NO_SOURCE_EVIDENCE,BUNDLE_ASSIGNMENT
NON INV,244,FDMNQ30MV1/RNQ30MV1,BRC4C64-9,,FDMNQ30MV1 / RNQ30MV1 + BRC4C64-9 8.8 30000 Bộ,BRC2E61|BRC4C64-9,COMPATIBILITY_ONLY,,NO_SOURCE_EVIDENCE,BUNDLE_ASSIGNMENT
NON INV,201,FDMNQ30MV1/RNQ30MY1,BRC2E61,,FDMNQ30MV1 / RNQ30MY1 + BRC2E61 8.8 30000 Bộ,BRC2E61|BRC4C64-9,COMPATIBILITY_ONLY,,NO_SOURCE_EVIDENCE,BUNDLE_ASSIGNMENT
NON INV,257,FDMNQ30MV1/RNQ30MY1,BRC4C64-9,,FDMNQ30MV1 / RNQ30MY1 + BRC4C64-9 8.8 30000 Bộ,BRC2E61|BRC4C64-9,COMPATIBILITY_ONLY,,NO_SOURCE_EVIDENCE,BUNDLE_ASSIGNMENT
NON INV,192,FDMNQ36MV1/RNQ36MV1,BRC2E61,,FDMNQ36MV1 / RNQ36MV1 + BRC2E61 10.6 36000 Bộ,BRC2E61|BRC4C64-9,COMPATIBILITY_ONLY,,NO_SOURCE_EVIDENCE,BUNDLE_ASSIGNMENT
NON INV,248,FDMNQ36MV1/RNQ36MV1,BRC4C64-9,,FDMNQ36MV1 / RNQ36MV1 + BRC4C64-9 10.6 36000 Bộ,BRC2E61|BRC4C64-9,COMPATIBILITY_ONLY,,NO_SOURCE_EVIDENCE,BUNDLE_ASSIGNMENT
NON INV,205,FDMNQ36MV1/RNQ36MY1,BRC2E61,,FDMNQ36MV1 / RNQ36MY1 + BRC2E61 10.6 36000 Bộ,BRC2E61|BRC4C64-9,COMPATIBILITY_ONLY,,NO_SOURCE_EVIDENCE,BUNDLE_ASSIGNMENT
NON INV,261,FDMNQ36MV1/RNQ36MY1,BRC4C64-9,,FDMNQ36MV1 / RNQ36MY1 + BRC4C64-9 10.6 36000 Bộ,BRC2E61|BRC4C64-9,COMPATIBILITY_ONLY,,NO_SOURCE_EVIDENCE,BUNDLE_ASSIGNMENT
NON INV,209,FDMNQ42MV1/RNQ42MY1,BRC2E61,,FDMNQ42MV1 / RNQ42MY1 + BRC2E61 12.3 42000 Bộ,BRC2E61|BRC4C64-9,COMPATIBILITY_ONLY,,NO_SOURCE_EVIDENCE,BUNDLE_ASSIGNMENT
NON INV,265,FDMNQ42MV1/RNQ42MY1,BRC4C64-9,,FDMNQ42MV1 / RNQ42MY1 + BRC4C64-9 12.3 42000 Bộ,BRC2E61|BRC4C64-9,COMPATIBILITY_ONLY,,NO_SOURCE_EVIDENCE,BUNDLE_ASSIGNMENT
NON INV,213,FDMNQ48MV1/RNQ48MY1,BRC2E61,,FDMNQ48MV1 / RNQ48MY1 + BRC2E61 14.1 48000 Bộ,BRC2E61|BRC4C64-9,COMPATIBILITY_ONLY,,NO_SOURCE_EVIDENCE,BUNDLE_ASSIGNMENT
NON INV,269,FDMNQ48MV1/RNQ48MY1,BRC4C64-9,,FDMNQ48MV1 / RNQ48MY1 + BRC4C64-9 14.1 48000 Bộ,BRC2E61|BRC4C64-9,COMPATIBILITY_ONLY,,NO_SOURCE_EVIDENCE,BUNDLE_ASSIGNMENT
CO INV,818,FFFC35AVM/RZFC35EVM,BRC2E61,BYFQ60CAW,"FFFC35AVM / RZFC35EVM + BRC2E61 + BYFQ60CAW 3.5
(1.3 - 4.0) 11,900
(4,400-13,600) Bộ",BRC2E61|BRC7M531W,COMPATIBILITY_ONLY,BYFQ60CAW,EXACT_BUNDLE_ASSIGNMENT,BUNDLE_ASSIGNMENT
CO INV,839,FFFC35AVM/RZFC35EVM,BRC7M531W,BYFQ60CAW,"FFFC35AVM / RZFC35EVM + BRC7M531W + BYFQ60CAW 3.5
(1.3 - 4.0) 11,900
(4,400-13,600) Bộ",BRC2E61|BRC7M531W,COMPATIBILITY_ONLY,BYFQ60CAW,EXACT_BUNDLE_ASSIGNMENT,BUNDLE_ASSIGNMENT
CO INV,823,FFFC50AVM/RZFC50EVM,BRC2E61,BYFQ60CAW,"FFFC50AVM / RZFC50EVM + BRC2E61 + BYFQ60CAW 5.0
(2.2 - 5.7) 17,100
(7,500-19,400) Bộ",BRC2E61|BRC7M531W,COMPATIBILITY_ONLY,BYFQ60CAW,EXACT_BUNDLE_ASSIGNMENT,BUNDLE_ASSIGNMENT
CO INV,844,FFFC50AVM/RZFC50EVM,BRC7M531W,BYFQ60CAW,"FFFC50AVM / RZFC50EVM + BRC7M531W + BYFQ60CAW 5.0
(2.2 - 5.7) 17,100
(7,500-19,400) Bộ",BRC2E61|BRC7M531W,COMPATIBILITY_ONLY,BYFQ60CAW,EXACT_BUNDLE_ASSIGNMENT,BUNDLE_ASSIGNMENT
CO INV,828,FFFC60AVM/RZFC60EVM,BRC2E61,BYFQ60CAW,"FFFC60AVM / RZFC60EVM + BRC2E61 + BYFQ60CAW 6.0
(2.5 - 6.4) 20,500
(8,500-21,800) Bộ",BRC2E61|BRC7M531W,COMPATIBILITY_ONLY,BYFQ60CAW,EXACT_BUNDLE_ASSIGNMENT,BUNDLE_ASSIGNMENT
CO INV,849,FFFC60AVM/RZFC60EVM,BRC7M531W,BYFQ60CAW,"FFFC60AVM / RZFC60EVM + BRC7M531W + BYFQ60CAW 6.0
(2.5 - 6.4) 20,500
(8,500-21,800) Bộ",BRC2E61|BRC7M531W,COMPATIBILITY_ONLY,BYFQ60CAW,EXACT_BUNDLE_ASSIGNMENT,BUNDLE_ASSIGNMENT
CO INV,833,FFFC71AVM/RZFC71EVM,BRC2E61,BYFQ60CAW,"FFFC71AVM / RZFC71EVM + BRC2E61 + BYFQ60CAW 7.1
(2.8 - 8.0) 24,200
(9,600-27,300) Bộ",BRC2E61|BRC7M531W,COMPATIBILITY_ONLY,BYFQ60CAW,EXACT_BUNDLE_ASSIGNMENT,BUNDLE_ASSIGNMENT
CO INV,854,FFFC71AVM/RZFC71EVM,BRC7M531W,BYFQ60CAW,"FFFC71AVM / RZFC71EVM + BRC7M531W + BYFQ60CAW 7.1
(2.8 - 8.0) 24,200
(9,600-27,300) Bộ",BRC2E61|BRC7M531W,COMPATIBILITY_ONLY,BYFQ60CAW,EXACT_BUNDLE_ASSIGNMENT,BUNDLE_ASSIGNMENT
HP INV,244,FHA100CVMV/RZA100DV1,BRC1H63W,,"FHA100CVMV / RZA100DV1 + BRC1H63W 10.0
(3.2-11.2) 34,100
(10,900-38,200) 11.2
(3.5-12.5) 38,200
(11,900-42,700) Bộ",BRC1E63|BRC1H63W|BRC7M53,COMPATIBILITY_ONLY,,NO_SOURCE_EVIDENCE,BUNDLE_ASSIGNMENT
HP INV,283,FHA100CVMV/RZA100DV1,BRC1E63,,"FHA100CVMV / RZA100DV1 + BRC1E63 10.0
(3.2-11.2) 34,100
(10,900-38,200) 11.2
(3.5-12.5) 38,200
(11,900-42,700) Bộ",BRC1E63|BRC1H63W|BRC7M53,COMPATIBILITY_ONLY,,NO_SOURCE_EVIDENCE,BUNDLE_ASSIGNMENT
HP INV,322,FHA100CVMV/RZA100DV1,BRC7M53,,"FHA100CVMV / RZA100DV1 + BRC7M53 10.0
(3.2-11.2) 34,100
(10,900-38,200) 11.2
(3.5-12.5) 38,200
(11,900-42,700) Bộ",BRC1E63|BRC1H63W|BRC7M53,COMPATIBILITY_ONLY,,NO_SOURCE_EVIDENCE,BUNDLE_ASSIGNMENT
HP INV,257,FHA100CVMV/RZA100DY1,BRC1H63W,,"FHA100CVMV / RZA100DY1 + BRC1H63W 10.0
(5.0-11.2) 34,100
(17,100-38,200) 11.2
(5.1-12.5) 38,200
(17,400-42,700) Bộ",BRC1E63|BRC1H63W|BRC7M53,COMPATIBILITY_ONLY,,NO_SOURCE_EVIDENCE,BUNDLE_ASSIGNMENT
HP INV,296,FHA100CVMV/RZA100DY1,BRC1E63,,"FHA100CVMV / RZA100DY1 + BRC1E63 10.0
(5.0-11.2) 34,100
(17,100-38,200) 11.2
(5.1-12.5) 38,200
(17,400-42,700) Bộ",BRC1E63|BRC1H63W|BRC7M53,COMPATIBILITY_ONLY,,NO_SOURCE_EVIDENCE,BUNDLE_ASSIGNMENT
HP INV,335,FHA100CVMV/RZA100DY1,BRC7M53,,"FHA100CVMV / RZA100DY1 + BRC7M53 10.0
(5.0-11.2) 34,100
(17,100-38,200) 11.2
(5.1-12.5) 38,200
(17,400-42,700) Bộ",BRC1E63|BRC1H63W|BRC7M53,COMPATIBILITY_ONLY,,NO_SOURCE_EVIDENCE,BUNDLE_ASSIGNMENT
CO INV,416,FHA100CVMV/RZF100CVM,BRC1H63W,,"FHA100CVMV / RZF100CVM + BRC1H63W 10.0
(5.0 - 11.2) 34,100
(17,100-38,200) Bộ",BRC1E63|BRC1H63W|BRC7M56,COMPATIBILITY_ONLY,,NO_SOURCE_EVIDENCE,BUNDLE_ASSIGNMENT
CO INV,459,FHA100CVMV/RZF100CVM,BRC1E63,,"FHA100CVMV / RZF100CVM + BRC1E63 10.0
(5.0 - 11.2) 34,100
(17,100-38,200) Bộ",BRC1E63|BRC1H63W|BRC7M56,COMPATIBILITY_ONLY,,NO_SOURCE_EVIDENCE,BUNDLE_ASSIGNMENT
CO INV,502,FHA100CVMV/RZF100CVM,BRC7M56,,"FHA100CVMV / RZF100CVM + BRC7M56 10.0
(5.0 - 11.2) 34,100
(17,100-38,200) Bộ",BRC1E63|BRC1H63W|BRC7M56,COMPATIBILITY_ONLY,,NO_SOURCE_EVIDENCE,BUNDLE_ASSIGNMENT
CO INV,433,FHA100CVMV/RZF100CYM,BRC1H63W,,"FHA100CVMV / RZF100CYM + BRC1H63W 10.0
(5.0 - 11.2) 34,100
(17,100-38,200) Bộ",BRC1E63|BRC1H63W|BRC7M56,COMPATIBILITY_ONLY,,NO_SOURCE_EVIDENCE,BUNDLE_ASSIGNMENT
CO INV,476,FHA100CVMV/RZF100CYM,BRC1E63,,"FHA100CVMV / RZF100CYM + BRC1E63 10.0
(5.0 - 11.2) 34,100
(17,100-38,200) Bộ",BRC1E63|BRC1H63W|BRC7M56,COMPATIBILITY_ONLY,,NO_SOURCE_EVIDENCE,BUNDLE_ASSIGNMENT
CO INV,519,FHA100CVMV/RZF100CYM,BRC7M56,,"FHA100CVMV / RZF100CYM + BRC7M56 10.0
(5.0 - 11.2) 34,100
(17,100-38,200) Bộ",BRC1E63|BRC1H63W|BRC7M56,COMPATIBILITY_ONLY,,NO_SOURCE_EVIDENCE,BUNDLE_ASSIGNMENT
HP INV,248,FHA125CVMA/RZA125DV1,BRC1H63W,,"FHA125CVMA / RZA125DV1 + BRC1H63W 12.5
(5.0-14.0) 42,700
(17,100-47,800) 14.0
(5.1-16.0) 47,800
(17,400-54,600) Bộ",BRC1E63|BRC1H63W|BRC7M53,COMPATIBILITY_ONLY,,NO_SOURCE_EVIDENCE,BUNDLE_ASSIGNMENT
HP INV,287,FHA125CVMA/RZA125DV1,BRC1E63,,"FHA125CVMA / RZA125DV1 + BRC1E63 12.5
(5.0-14.0) 42,700
(17,100-47,800) 14.0
(5.1-16.0) 47,800
(17,400-54,600) Bộ",BRC1E63|BRC1H63W|BRC7M53,COMPATIBILITY_ONLY,,NO_SOURCE_EVIDENCE,BUNDLE_ASSIGNMENT
HP INV,326,FHA125CVMA/RZA125DV1,BRC7M53,,"FHA125CVMA / RZA125DV1 + BRC7M53 12.5
(5.0-14.0) 42,700
(17,100-47,800) 14.0
(5.1-16.0) 47,800
(17,400-54,600) Bộ",BRC1E63|BRC1H63W|BRC7M53,COMPATIBILITY_ONLY,,NO_SOURCE_EVIDENCE,BUNDLE_ASSIGNMENT
HP INV,261,FHA125CVMA/RZA125DY1,BRC1H63W,,"FHA125CVMA / RZA125DY1 + BRC1H63W 12.5
(5.0-14.0) 42,700
(17,100-47,800) 14.0
(5.1-16.0) 47,800
(17,400-54,600) Bộ",BRC1E63|BRC1H63W|BRC7M53,COMPATIBILITY_ONLY,,NO_SOURCE_EVIDENCE,BUNDLE_ASSIGNMENT
HP INV,300,FHA125CVMA/RZA125DY1,BRC1E63,,"FHA125CVMA / RZA125DY1 + BRC1E63 12.5
(5.0-14.0) 42,700
(17,100-47,800) 14.0
(5.1-16.0) 47,800
(17,400-54,600) Bộ",BRC1E63|BRC1H63W|BRC7M53,COMPATIBILITY_ONLY,,NO_SOURCE_EVIDENCE,BUNDLE_ASSIGNMENT
HP INV,339,FHA125CVMA/RZA125DY1,BRC7M53,,"FHA125CVMA / RZA125DY1 + BRC7M53 12.5
(5.0-14.0) 42,700
(17,100-47,800) 14.0
(5.1-16.0) 47,800
(17,400-54,600) Bộ",BRC1E63|BRC1H63W|BRC7M53,COMPATIBILITY_ONLY,,NO_SOURCE_EVIDENCE,BUNDLE_ASSIGNMENT
CO INV,420,FHA125CVMA/RZF125CVM,BRC1H63W,,"FHA125CVMA / RZF125CVM + BRC1H63W 12.5
(5.7 - 14.0) 42,700
(19,500-47,800) Bộ",BRC1E63|BRC1H63W|BRC7M56,COMPATIBILITY_ONLY,,NO_SOURCE_EVIDENCE,BUNDLE_ASSIGNMENT
CO INV,463,FHA125CVMA/RZF125CVM,BRC1E63,,"FHA125CVMA / RZF125CVM + BRC1E63 12.5
(5.7 - 14.0) 42,700
(19,500-47,800) Bộ",BRC1E63|BRC1H63W|BRC7M56,COMPATIBILITY_ONLY,,NO_SOURCE_EVIDENCE,BUNDLE_ASSIGNMENT
CO INV,506,FHA125CVMA/RZF125CVM,BRC7M56,,"FHA125CVMA / RZF125CVM + BRC7M56 12.5
(5.7 - 14.0) 42,700
(19,500-47,800) Bộ",BRC1E63|BRC1H63W|BRC7M56,COMPATIBILITY_ONLY,,NO_SOURCE_EVIDENCE,BUNDLE_ASSIGNMENT
CO INV,437,FHA125CVMA/RZF125CYM,BRC1H63W,,"FHA125CVMA / RZF125CYM + BRC1H63W 12.5
(5.7 - 14.0) 42,700
(19,500-47,800) Bộ",BRC1E63|BRC1H63W|BRC7M56,COMPATIBILITY_ONLY,,NO_SOURCE_EVIDENCE,BUNDLE_ASSIGNMENT
CO INV,480,FHA125CVMA/RZF125CYM,BRC1E63,,"FHA125CVMA / RZF125CYM + BRC1E63 12.5
(5.7 - 14.0) 42,700
(19,500-47,800) Bộ",BRC1E63|BRC1H63W|BRC7M56,COMPATIBILITY_ONLY,,NO_SOURCE_EVIDENCE,BUNDLE_ASSIGNMENT
CO INV,523,FHA125CVMA/RZF125CYM,BRC7M56,,"FHA125CVMA / RZF125CYM + BRC7M56 12.5
(5.7 - 14.0) 42,700
(19,500-47,800) Bộ",BRC1E63|BRC1H63W|BRC7M56,COMPATIBILITY_ONLY,,NO_SOURCE_EVIDENCE,BUNDLE_ASSIGNMENT
HP INV,252,FHA140CVMA/RZA140DV1,BRC1H63W,,"FHA140CVMA / RZA140DV1 + BRC1H63W 14.0
(5.0-16.0) 47,800
(17,100-54,600) 16.0
(5.1-18.0) 54,600
(17,400-61,400) Bộ",BRC1E63|BRC1H63W|BRC7M53,COMPATIBILITY_ONLY,,NO_SOURCE_EVIDENCE,BUNDLE_ASSIGNMENT
HP INV,291,FHA140CVMA/RZA140DV1,BRC1E63,,"FHA140CVMA / RZA140DV1 + BRC1E63 14.0
(5.0-16.0) 47,800
(17,100-54,600) 16.0
(5.1-18.0) 54,600
(17,400-61,400) Bộ",BRC1E63|BRC1H63W|BRC7M53,COMPATIBILITY_ONLY,,NO_SOURCE_EVIDENCE,BUNDLE_ASSIGNMENT
HP INV,330,FHA140CVMA/RZA140DV1,BRC7M53,,"FHA140CVMA / RZA140DV1 + BRC7M53 14.0
(5.0-16.0) 47,800
(17,100-54,600) 16.0
(5.1-18.0) 54,600
(17,400-61,400) Bộ",BRC1E63|BRC1H63W|BRC7M53,COMPATIBILITY_ONLY,,NO_SOURCE_EVIDENCE,BUNDLE_ASSIGNMENT
HP INV,265,FHA140CVMA/RZA140DY1,BRC1H63W,,"FHA140CVMA / RZA140DY1 + BRC1H63W 14.0
(5.0-16.0) 47,800
(17,100-54,600) 16.0
(5.1-18.0) 54,600
(17,400-61,400) Bộ",BRC1E63|BRC1H63W|BRC7M53,COMPATIBILITY_ONLY,,NO_SOURCE_EVIDENCE,BUNDLE_ASSIGNMENT
HP INV,304,FHA140CVMA/RZA140DY1,BRC1E63,,"FHA140CVMA / RZA140DY1 + BRC1E63 14.0
(5.0-16.0) 47,800
(17,100-54,600) 16.0
(5.1-18.0) 54,600
(17,400-61,400) Bộ",BRC1E63|BRC1H63W|BRC7M53,COMPATIBILITY_ONLY,,NO_SOURCE_EVIDENCE,BUNDLE_ASSIGNMENT
HP INV,343,FHA140CVMA/RZA140DY1,BRC7M53,,"FHA140CVMA / RZA140DY1 + BRC7M53 14.0
(5.0-16.0) 47,800
(17,100-54,600) 16.0
(5.1-18.0) 54,600
(17,400-61,400) Bộ",BRC1E63|BRC1H63W|BRC7M53,COMPATIBILITY_ONLY,,NO_SOURCE_EVIDENCE,BUNDLE_ASSIGNMENT
CO INV,424,FHA140CVMA/RZF140CVM,BRC1H63W,,"FHA140CVMA / RZF140CVM + BRC1H63W 14.0
(6.2 - 15.5) 47,800
(21,200-52,900) Bộ",BRC1E63|BRC1H63W|BRC7M56,COMPATIBILITY_ONLY,,NO_SOURCE_EVIDENCE,BUNDLE_ASSIGNMENT
CO INV,467,FHA140CVMA/RZF140CVM,BRC1E63,,"FHA140CVMA / RZF140CVM + BRC1E63 14.0
(6.2 - 15.5) 47,800
(21,200-52,900) Bộ",BRC1E63|BRC1H63W|BRC7M56,COMPATIBILITY_ONLY,,NO_SOURCE_EVIDENCE,BUNDLE_ASSIGNMENT
CO INV,510,FHA140CVMA/RZF140CVM,BRC7M56,,"FHA140CVMA / RZF140CVM + BRC7M56 14.0
(6.2 - 15.5) 47,800
(21,200-52,900) Bộ",BRC1E63|BRC1H63W|BRC7M56,COMPATIBILITY_ONLY,,NO_SOURCE_EVIDENCE,BUNDLE_ASSIGNMENT
CO INV,441,FHA140CVMA/RZF140CYM,BRC1H63W,,"FHA140CVMA / RZF140CYM + BRC1H63W 14.0
(6.2 - 15.5) 47,800
(21,200-52,900) Bộ",BRC1E63|BRC1H63W|BRC7M56,COMPATIBILITY_ONLY,,NO_SOURCE_EVIDENCE,BUNDLE_ASSIGNMENT
CO INV,484,FHA140CVMA/RZF140CYM,BRC1E63,,"FHA140CVMA / RZF140CYM + BRC1E63 14.0
(6.2 - 15.5) 47,800
(21,200-52,900) Bộ",BRC1E63|BRC1H63W|BRC7M56,COMPATIBILITY_ONLY,,NO_SOURCE_EVIDENCE,BUNDLE_ASSIGNMENT
CO INV,527,FHA140CVMA/RZF140CYM,BRC7M56,,"FHA140CVMA / RZF140CYM + BRC7M56 14.0
(6.2 - 15.5) 47,800
(21,200-52,900) Bộ",BRC1E63|BRC1H63W|BRC7M56,COMPATIBILITY_ONLY,,NO_SOURCE_EVIDENCE,BUNDLE_ASSIGNMENT
HP INV,232,FHA50CVMV/RZA50DV2V,BRC1H63W,,"FHA50CVMV / RZA50DV2V + BRC1H63W 5.0
(1.4-6.0) 17,100
(4,800-20,500) 6.0
(1.4-7.1) 20,500
(4,800-24,200) Bộ",BRC1E63|BRC1H63W|BRC7M53,COMPATIBILITY_ONLY,,NO_SOURCE_EVIDENCE,BUNDLE_ASSIGNMENT
HP INV,271,FHA50CVMV/RZA50DV2V,BRC1E63,,"FHA50CVMV / RZA50DV2V + BRC1E63 5.0
(1.4-6.0) 17,100
(4,800-20,500) 6.0
(1.4-7.1) 20,500
(4,800-24,200) Bộ",BRC1E63|BRC1H63W|BRC7M53,COMPATIBILITY_ONLY,,NO_SOURCE_EVIDENCE,BUNDLE_ASSIGNMENT
HP INV,310,FHA50CVMV/RZA50DV2V,BRC7M53,,"FHA50CVMV / RZA50DV2V + BRC7M53 5.0
(1.4-6.0) 17,100
(4,800-20,500) 6.0
(1.4-7.1) 20,500
(4,800-24,200) Bộ",BRC1E63|BRC1H63W|BRC7M53,COMPATIBILITY_ONLY,,NO_SOURCE_EVIDENCE,BUNDLE_ASSIGNMENT
CO INV,404,FHA50DVMV/RZF50DVM,BRC1H63W,,"FHA50DVMV / RZF50DVM + BRC1H63W 5.0
(2.3 - 5.6) 17,100
(7,800-19,100) Bộ",BRC1E63|BRC1H63W|BRC7M56,COMPATIBILITY_ONLY,,NO_SOURCE_EVIDENCE,BUNDLE_ASSIGNMENT
CO INV,447,FHA50DVMV/RZF50DVM,BRC1E63,,"FHA50DVMV / RZF50DVM + BRC1E63 5.0
(2.3 - 5.6) 17,100
(7,800-19,100) Bộ",BRC1E63|BRC1H63W|BRC7M56,COMPATIBILITY_ONLY,,NO_SOURCE_EVIDENCE,BUNDLE_ASSIGNMENT
CO INV,490,FHA50DVMV/RZF50DVM,BRC7M56,,"FHA50DVMV / RZF50DVM + BRC7M56 5.0
(2.3 - 5.6) 17,100
(7,800-19,100) Bộ",BRC1E63|BRC1H63W|BRC7M56,COMPATIBILITY_ONLY,,NO_SOURCE_EVIDENCE,BUNDLE_ASSIGNMENT
HP INV,236,FHA60CVMV/RZA60DV2V,BRC1H63W,,"FHA60CVMV / RZA60DV2V + BRC1H63W 6.0
(1.4-7.1) 20,500
(4,800-24,200) 7.1
(1.4-8.0) 23,200
(4,800-27,300) Bộ",BRC1E63|BRC1H63W|BRC7M53,COMPATIBILITY_ONLY,,NO_SOURCE_EVIDENCE,BUNDLE_ASSIGNMENT
HP INV,275,FHA60CVMV/RZA60DV2V,BRC1E63,,"FHA60CVMV / RZA60DV2V + BRC1E63 6.0
(1.4-7.1) 20,500
(4,800-24,200) 7.1
(1.4-8.0) 23,200
(4,800-27,300) Bộ",BRC1E63|BRC1H63W|BRC7M53,COMPATIBILITY_ONLY,,NO_SOURCE_EVIDENCE,BUNDLE_ASSIGNMENT
HP INV,314,FHA60CVMV/RZA60DV2V,BRC7M53,,"FHA60CVMV / RZA60DV2V + BRC7M53 6.0
(1.4-7.1) 20,500
(4,800-24,200) 7.1
(1.4-8.0) 23,200
(4,800-27,300) Bộ",BRC1E63|BRC1H63W|BRC7M53,COMPATIBILITY_ONLY,,NO_SOURCE_EVIDENCE,BUNDLE_ASSIGNMENT
CO INV,408,FHA60DVMV/RZF60DVM,BRC1H63W,,"FHA60DVMV / RZF60DVM + BRC1H63W 6.0
(2.6 - 6.3) 20,500
(8,900-21,500) Bộ",BRC1E63|BRC1H63W|BRC7M56,COMPATIBILITY_ONLY,,NO_SOURCE_EVIDENCE,BUNDLE_ASSIGNMENT
CO INV,451,FHA60DVMV/RZF60DVM,BRC1E63,,"FHA60DVMV / RZF60DVM + BRC1E63 6.0
(2.6 - 6.3) 20,500
(8,900-21,500) Bộ",BRC1E63|BRC1H63W|BRC7M56,COMPATIBILITY_ONLY,,NO_SOURCE_EVIDENCE,BUNDLE_ASSIGNMENT
CO INV,494,FHA60DVMV/RZF60DVM,BRC7M56,,"FHA60DVMV / RZF60DVM + BRC7M56 6.0
(2.6 - 6.3) 20,500
(8,900-21,500) Bộ",BRC1E63|BRC1H63W|BRC7M56,COMPATIBILITY_ONLY,,NO_SOURCE_EVIDENCE,BUNDLE_ASSIGNMENT
HP INV,240,FHA71CVMV/RZA71DV1,BRC1H63W,,"FHA71CVMV / RZA71DV1 + BRC1H63W 7.1
(3.2-8.0) 24,200
(10,900-27,300) 8.0
(3.5-9.0) 27,300
(12,000-30,700) Bộ",BRC1E63|BRC1H63W|BRC7M53,COMPATIBILITY_ONLY,,NO_SOURCE_EVIDENCE,BUNDLE_ASSIGNMENT
HP INV,279,FHA71CVMV/RZA71DV1,BRC1E63,,"FHA71CVMV / RZA71DV1 + BRC1E63 7.1
(3.2-8.0) 24,200
(10,900-27,300) 8.0
(3.5-9.0) 27,300
(12,000-30,700) Bộ",BRC1E63|BRC1H63W|BRC7M53,COMPATIBILITY_ONLY,,NO_SOURCE_EVIDENCE,BUNDLE_ASSIGNMENT
HP INV,318,FHA71CVMV/RZA71DV1,BRC7M53,,"FHA71CVMV / RZA71DV1 + BRC7M53 7.1
(3.2-8.0) 24,200
(10,900-27,300) 8.0
(3.5-9.0) 27,300
(12,000-30,700) Bộ",BRC1E63|BRC1H63W|BRC7M53,COMPATIBILITY_ONLY,,NO_SOURCE_EVIDENCE,BUNDLE_ASSIGNMENT
CO INV,412,FHA71DVMV/RZF71DVM,BRC1H63W,,"FHA71DVMV / RZF71DVM + BRC1H63W 7.1
(3.2 - 8.0) 24,200
(10,900-27,300) Bộ",BRC1E63|BRC1H63W|BRC7M56,COMPATIBILITY_ONLY,,NO_SOURCE_EVIDENCE,BUNDLE_ASSIGNMENT
CO INV,455,FHA71DVMV/RZF71DVM,BRC1E63,,"FHA71DVMV / RZF71DVM + BRC1E63 7.1
(3.2 - 8.0) 24,200
(10,900-27,300) Bộ",BRC1E63|BRC1H63W|BRC7M56,COMPATIBILITY_ONLY,,NO_SOURCE_EVIDENCE,BUNDLE_ASSIGNMENT
CO INV,498,FHA71DVMV/RZF71DVM,BRC7M56,,"FHA71DVMV / RZF71DVM + BRC7M56 7.1
(3.2 - 8.0) 24,200
(10,900-27,300) Bộ",BRC1E63|BRC1H63W|BRC7M56,COMPATIBILITY_ONLY,,NO_SOURCE_EVIDENCE,BUNDLE_ASSIGNMENT
CO INV,429,FHA71DVMV/RZF71DYM,BRC1H63W,,"FHA71DVMV / RZF71DYM + BRC1H63W 7.1
(3.2 - 8.0) 24,200
(10,900-27,300) Bộ",BRC1E63|BRC1H63W|BRC7M56,COMPATIBILITY_ONLY,,NO_SOURCE_EVIDENCE,BUNDLE_ASSIGNMENT
CO INV,472,FHA71DVMV/RZF71DYM,BRC1E63,,"FHA71DVMV / RZF71DYM + BRC1E63 7.1
(3.2 - 8.0) 24,200
(10,900-27,300) Bộ",BRC1E63|BRC1H63W|BRC7M56,COMPATIBILITY_ONLY,,NO_SOURCE_EVIDENCE,BUNDLE_ASSIGNMENT
CO INV,515,FHA71DVMV/RZF71DYM,BRC7M56,,"FHA71DVMV / RZF71DYM + BRC7M56 7.1
(3.2 - 8.0) 24,200
(10,900-27,300) Bộ",BRC1E63|BRC1H63W|BRC7M56,COMPATIBILITY_ONLY,,NO_SOURCE_EVIDENCE,BUNDLE_ASSIGNMENT
CO INV,1036,FHFC100EV1/RZFC100EVM,BRC2E61,,"FHFC100EV1 / RZFC100EVM + BRC2E61 10.0
(5.0 - 11.2) 34,100
(17,100-38,200) Bộ",BRC2E61|BRC7GA56,COMPATIBILITY_ONLY,,NO_SOURCE_EVIDENCE,BUNDLE_ASSIGNMENT
CO INV,1083,FHFC100EV1/RZFC100EVM,BRC7GA56,,"FHFC100EV1 / RZFC100EVM + BRC7GA56 10.0
(5.0 - 11.2) 34,100
(17,100-38,200) Bộ",BRC2E61|BRC7GA56,COMPATIBILITY_ONLY,,NO_SOURCE_EVIDENCE,BUNDLE_ASSIGNMENT
CO INV,1049,FHFC100EV1/RZFC100EY1,BRC2E61,,"FHFC100EV1 / RZFC100EY1 + BRC2E61 10.0
(5.0 - 11.2) 34,100
(17,100-38,200) Bộ",BRC2E61|BRC7GA56,COMPATIBILITY_ONLY,,NO_SOURCE_EVIDENCE,BUNDLE_ASSIGNMENT
CO INV,1096,FHFC100EV1/RZFC100EY1,BRC7GA56,,"FHFC100EV1 / RZFC100EY1 + BRC7GA56 10.0
(5.0 - 11.2) 34,100
(17,100-38,200) Bộ",BRC2E61|BRC7GA56,COMPATIBILITY_ONLY,,NO_SOURCE_EVIDENCE,BUNDLE_ASSIGNMENT
CO INV,1053,FHFC125EV1/RZFC125EY1,BRC2E61,,"FHFC125EV1 / RZFC125EY1 + BRC2E61 12.5
(5.7 - 14.0) 42,700
(19,500-47,800) Bộ",BRC2E61|BRC7GA56,COMPATIBILITY_ONLY,,NO_SOURCE_EVIDENCE,BUNDLE_ASSIGNMENT
CO INV,1100,FHFC125EV1/RZFC125EY1,BRC7GA56,,"FHFC125EV1 / RZFC125EY1 + BRC7GA56 12.5
(5.7 - 14.0) 42,700
(19,500-47,800) Bộ",BRC2E61|BRC7GA56,COMPATIBILITY_ONLY,,NO_SOURCE_EVIDENCE,BUNDLE_ASSIGNMENT
CO INV,1057,FHFC140EV1/RZFC140EY1,BRC2E61,,"FHFC140EV1 / RZFC140EY1 + BRC2E61 14.0
(6.2 - 15.5) 47,800
(21,200-52,900) Bộ",BRC2E61|BRC7GA56,COMPATIBILITY_ONLY,,NO_SOURCE_EVIDENCE,BUNDLE_ASSIGNMENT
CO INV,1104,FHFC140EV1/RZFC140EY1,BRC7GA56,,"FHFC140EV1 / RZFC140EY1 + BRC7GA56 14.0
(6.2 - 15.5) 47,800
(21,200-52,900) Bộ",BRC2E61|BRC7GA56,COMPATIBILITY_ONLY,,NO_SOURCE_EVIDENCE,BUNDLE_ASSIGNMENT
CO INV,1016,FHFC40EV1/RZFC40EVM,BRC2E61,,"FHFC40EV1 / RZFC40EVM + BRC2E61 4.0
(1.8 - 4.5) 13,600
(6,100-15,400) Bộ",BRC2E61|BRC7GA56,COMPATIBILITY_ONLY,,NO_SOURCE_EVIDENCE,BUNDLE_ASSIGNMENT
CO INV,1063,FHFC40EV1/RZFC40EVM,BRC7GA56,,"FHFC40EV1 / RZFC40EVM + BRC7GA56 4.0
(1.8 - 4.5) 13,600
(6,100-15,400) Bộ",BRC2E61|BRC7GA56,COMPATIBILITY_ONLY,,NO_SOURCE_EVIDENCE,BUNDLE_ASSIGNMENT
CO INV,1020,FHFC50EV1/RZFC50EVM,BRC2E61,,"FHFC50EV1 / RZFC50EVM + BRC2E61 5.0
(2.3 - 5.6) 17,100
(7,800-19,100) Bộ",BRC2E61|BRC7GA56,COMPATIBILITY_ONLY,,NO_SOURCE_EVIDENCE,BUNDLE_ASSIGNMENT
CO INV,1067,FHFC50EV1/RZFC50EVM,BRC7GA56,,"FHFC50EV1 / RZFC50EVM + BRC7GA56 5.0
(2.3 - 5.6) 17,100
(7,800-19,100) Bộ",BRC2E61|BRC7GA56,COMPATIBILITY_ONLY,,NO_SOURCE_EVIDENCE,BUNDLE_ASSIGNMENT
CO INV,1024,FHFC60EV1/RZFC60EVM,BRC2E61,,"FHFC60EV1 / RZFC60EVM + BRC2E61 6.0
(2.6 - 6.3) 20,500
(8,900-21,500) Bộ",BRC2E61|BRC7GA56,COMPATIBILITY_ONLY,,NO_SOURCE_EVIDENCE,BUNDLE_ASSIGNMENT
CO INV,1071,FHFC60EV1/RZFC60EVM,BRC7GA56,,"FHFC60EV1 / RZFC60EVM + BRC7GA56 6.0
(2.6 - 6.3) 20,500
(8,900-21,500) Bộ",BRC2E61|BRC7GA56,COMPATIBILITY_ONLY,,NO_SOURCE_EVIDENCE,BUNDLE_ASSIGNMENT
CO INV,1028,FHFC71EV1/RZFC71EVM,BRC2E61,,"FHFC71EV1 / RZFC71EVM + BRC2E61 7.1
(3.2 - 8.0) 24,200
(10,900-27,300) Bộ",BRC2E61|BRC7GA56,COMPATIBILITY_ONLY,,NO_SOURCE_EVIDENCE,BUNDLE_ASSIGNMENT
CO INV,1075,FHFC71EV1/RZFC71EVM,BRC7GA56,,"FHFC71EV1 / RZFC71EVM + BRC7GA56 7.1
(3.2 - 8.0) 24,200
(10,900-27,300) Bộ",BRC2E61|BRC7GA56,COMPATIBILITY_ONLY,,NO_SOURCE_EVIDENCE,BUNDLE_ASSIGNMENT
CO INV,1041,FHFC71EV1/RZFC71EY1,BRC2E61,,"FHFC71EV1 / RZFC71EY1 + BRC2E61 7.1
(3.2 - 8.0) 24,200
(10,900-27,300) Bộ",BRC2E61|BRC7GA56,COMPATIBILITY_ONLY,,NO_SOURCE_EVIDENCE,BUNDLE_ASSIGNMENT
CO INV,1088,FHFC71EV1/RZFC71EY1,BRC7GA56,,"FHFC71EV1 / RZFC71EY1 + BRC7GA56 7.1
(3.2 - 8.0) 24,200
(10,900-27,300) Bộ",BRC2E61|BRC7GA56,COMPATIBILITY_ONLY,,NO_SOURCE_EVIDENCE,BUNDLE_ASSIGNMENT
CO INV,1032,FHFC85EV1/RZFC85EVM,BRC2E61,,"FHFC85EV1 / RZFC85EVM + BRC2E61 8.5
(4.2 - 10.0) 29,000
(14,300-34,100) Bộ",BRC2E61|BRC7GA56,COMPATIBILITY_ONLY,,NO_SOURCE_EVIDENCE,BUNDLE_ASSIGNMENT
CO INV,1079,FHFC85EV1/RZFC85EVM,BRC7GA56,,"FHFC85EV1 / RZFC85EVM + BRC7GA56 8.5
(4.2 - 10.0) 29,000
(14,300-34,100) Bộ",BRC2E61|BRC7GA56,COMPATIBILITY_ONLY,,NO_SOURCE_EVIDENCE,BUNDLE_ASSIGNMENT
CO INV,1045,FHFC85EV1/RZFC85EY1,BRC2E61,,"FHFC85EV1 / RZFC85EY1 + BRC2E61 8.5
(4.2 - 10.0) 29,000
(14,300-34,100) Bộ",BRC2E61|BRC7GA56,COMPATIBILITY_ONLY,,NO_SOURCE_EVIDENCE,BUNDLE_ASSIGNMENT
CO INV,1092,FHFC85EV1/RZFC85EY1,BRC7GA56,,"FHFC85EV1 / RZFC85EY1 + BRC7GA56 8.5
(4.2 - 10.0) 29,000
(14,300-34,100) Bộ",BRC2E61|BRC7GA56,COMPATIBILITY_ONLY,,NO_SOURCE_EVIDENCE,BUNDLE_ASSIGNMENT
NON INV,275,FHNQ13MV1V/RNQ13MV1V,BRC1NU61,,FHNQ13MV1V / RNQ13MV1V + BRC1NU61 3.8 13000 Bộ,BRC1NU61|BRC7NU66,COMPATIBILITY_ONLY,,NO_SOURCE_EVIDENCE,BUNDLE_ASSIGNMENT
NON INV,310,FHNQ13MV1V/RNQ13MV1V,BRC7NU66,,FHNQ13MV1V / RNQ13MV1V + BRC7NU66 3.8 13000 Bộ,BRC1NU61|BRC7NU66,COMPATIBILITY_ONLY,,NO_SOURCE_EVIDENCE,BUNDLE_ASSIGNMENT
NON INV,279,FHNQ18MV1V/RNQ18MV1V,BRC1NU61,,FHNQ18MV1V / RNQ18MV1V + BRC1NU61 5.3 18000 Bộ,BRC1NU61|BRC7NU66,COMPATIBILITY_ONLY,,NO_SOURCE_EVIDENCE,BUNDLE_ASSIGNMENT
NON INV,314,FHNQ18MV1V/RNQ18MV1V,BRC7NU66,,FHNQ18MV1V / RNQ18MV1V + BRC7NU66 5.3 18000 Bộ,BRC1NU61|BRC7NU66,COMPATIBILITY_ONLY,,NO_SOURCE_EVIDENCE,BUNDLE_ASSIGNMENT
NON INV,283,FHNQ21MV1V/RNQ21MV1V,BRC1NU61,,FHNQ21MV1V / RNQ21MV1V + BRC1NU61 6.2 21000 Bộ,BRC1NU61|BRC7NU66,COMPATIBILITY_ONLY,,NO_SOURCE_EVIDENCE,BUNDLE_ASSIGNMENT
NON INV,318,FHNQ21MV1V/RNQ21MV1V,BRC7NU66,,FHNQ21MV1V / RNQ21MV1V + BRC7NU66 6.2 21000 Bộ,BRC1NU61|BRC7NU66,COMPATIBILITY_ONLY,,NO_SOURCE_EVIDENCE,BUNDLE_ASSIGNMENT
NON INV,287,FHNQ24MV1V/RNQ24MV1V,BRC1NU61,,FHNQ24MV1V / RNQ24MV1V + BRC1NU61 7.1 24200 Bộ,BRC1NU61|BRC7NU66,COMPATIBILITY_ONLY,,NO_SOURCE_EVIDENCE,BUNDLE_ASSIGNMENT
NON INV,322,FHNQ24MV1V/RNQ24MV1V,BRC7NU66,,FHNQ24MV1V / RNQ24MV1V + BRC7NU66 7.1 24200 Bộ,BRC1NU61|BRC7NU66,COMPATIBILITY_ONLY,,NO_SOURCE_EVIDENCE,BUNDLE_ASSIGNMENT
NON INV,291,FHNQ30MV1V/RNQ30MV1V,BRC1NU61,,FHNQ30MV1V / RNQ30MV1V + BRC1NU61 8.8 30000 Bộ,BRC1NU61|BRC7NU66,COMPATIBILITY_ONLY,,NO_SOURCE_EVIDENCE,BUNDLE_ASSIGNMENT
NON INV,326,FHNQ30MV1V/RNQ30MV1V,BRC7NU66,,FHNQ30MV1V / RNQ30MV1V + BRC7NU66 8.8 30000 Bộ,BRC1NU61|BRC7NU66,COMPATIBILITY_ONLY,,NO_SOURCE_EVIDENCE,BUNDLE_ASSIGNMENT
NON INV,295,FHNQ36MV1V/RNQ36MV1V,BRC1NU61,,FHNQ36MV1V / RNQ36MV1V + BRC1NU61 10.1 34500 Bộ,BRC1NU61|BRC7NU66,COMPATIBILITY_ONLY,,NO_SOURCE_EVIDENCE,BUNDLE_ASSIGNMENT
NON INV,330,FHNQ36MV1V/RNQ36MV1V,BRC7NU66,,FHNQ36MV1V / RNQ36MV1V + BRC7NU66 10.1 34500 Bộ,BRC1NU61|BRC7NU66,COMPATIBILITY_ONLY,,NO_SOURCE_EVIDENCE,BUNDLE_ASSIGNMENT
NON INV,300,FHNQ42MV1/RNQ42MY1,BRC1NU61,,FHNQ42MV1 / RNQ42MY1 + BRC1NU61 12.3 42000 Bộ,BRC1NU61|BRC7NU66,COMPATIBILITY_ONLY,,NO_SOURCE_EVIDENCE,BUNDLE_ASSIGNMENT
NON INV,335,FHNQ42MV1/RNQ42MY1,BRC7NU66,,FHNQ42MV1 / RNQ42MY1 + BRC7NU66 12.3 42000 Bộ,BRC1NU61|BRC7NU66,COMPATIBILITY_ONLY,,NO_SOURCE_EVIDENCE,BUNDLE_ASSIGNMENT
NON INV,304,FHNQ48MV1/RNQ48MY1,BRC1NU61,,FHNQ48MV1 / RNQ48MY1 + BRC1NU61 14.1 48000 Bộ,BRC1NU61|BRC7NU66,COMPATIBILITY_ONLY,,NO_SOURCE_EVIDENCE,BUNDLE_ASSIGNMENT
NON INV,339,FHNQ48MV1/RNQ48MY1,BRC7NU66,,FHNQ48MV1 / RNQ48MY1 + BRC7NU66 14.1 48000 Bộ,BRC1NU61|BRC7NU66,COMPATIBILITY_ONLY,,NO_SOURCE_EVIDENCE,BUNDLE_ASSIGNMENT
HP INV,361,FVA100AMVM/RZA100DV1,BRC1E63,,"FVA100AMVM / RZA100DV1 + BRC1E63 10.0
(3.2-11.2) 34,100
(10,900-38,200) 11.2
(3.5-12.5) 38,200
(11,900-42,700) Bộ",BRC1E63|BRC4C65,COMPATIBILITY_ONLY,,NO_SOURCE_EVIDENCE,BUNDLE_ASSIGNMENT
HP INV,400,FVA100AMVM/RZA100DV1,BRC4C65,,"FVA100AMVM / RZA100DV1 + BRC4C65 10.0
(3.2-11.2) 34,100
(10,900-38,200) 11.2
(3.5-12.5) 38,200
(11,900-42,700) Bộ",BRC1E63|BRC4C65,COMPATIBILITY_ONLY,,NO_SOURCE_EVIDENCE,BUNDLE_ASSIGNMENT
HP INV,374,FVA100AMVM/RZA100DY1,BRC1E63,,"FVA100AMVM / RZA100DY1 + BRC1E63 10.0
(5.0-11.2) 34,100
(17,100-38,200) 11.2
(5.1-12.5) 38,200
(17,400-42,700) Bộ",BRC1E63|BRC4C65,COMPATIBILITY_ONLY,,NO_SOURCE_EVIDENCE,BUNDLE_ASSIGNMENT
HP INV,413,FVA100AMVM/RZA100DY1,BRC4C65,,"FVA100AMVM / RZA100DY1 + BRC4C65 10.0
(5.0-11.2) 34,100
(17,100-38,200) 11.2
(5.1-12.5) 38,200
(17,400-42,700) Bộ",BRC1E63|BRC4C65,COMPATIBILITY_ONLY,,NO_SOURCE_EVIDENCE,BUNDLE_ASSIGNMENT
CO INV,545,FVA100AMVM/RZF100CVM,BRC1E63,,"FVA100AMVM / RZF100CVM + BRC1E63 10.0
(5.0 - 11.2) 34,100
(17,100-38,200) Bộ",BRC1E63|BRC4C66,COMPATIBILITY_ONLY,,NO_SOURCE_EVIDENCE,BUNDLE_ASSIGNMENT
CO INV,614,FVA100AMVM/RZF100CVM,BRC4C66,,"FVA100AMVM / RZF100CVM + BRC4C66 10.0
(5.0 - 11.2) 34,100
(17,100-38,200) Bộ",BRC1E63|BRC4C66,COMPATIBILITY_ONLY,,NO_SOURCE_EVIDENCE,BUNDLE_ASSIGNMENT
CO INV,575,FVA100AMVM/RZF100CYM,BRC1E63,,"FVA100AMVM / RZF100CYM + BRC1E63 10.0
(5.0 - 11.2) 34,100
(17,100-38,200) Bộ",BRC1E63|BRC4C66,COMPATIBILITY_ONLY,,NO_SOURCE_EVIDENCE,BUNDLE_ASSIGNMENT
CO INV,644,FVA100AMVM/RZF100CYM,BRC4C66,,"FVA100AMVM / RZF100CYM + BRC4C66 10.0
(5.0 - 11.2) 34,100
(17,100-38,200) Bộ",BRC1E63|BRC4C66,COMPATIBILITY_ONLY,,NO_SOURCE_EVIDENCE,BUNDLE_ASSIGNMENT
CO INV,558,FVA100AMVM/RZF100DVM,BRC1E63,,"FVA100AMVM / RZF100DVM + BRC1E63 10.0
(5.0 - 11.2) 34,100
(17,100-38,200) Bộ",BRC1E63|BRC4C66,COMPATIBILITY_ONLY,,NO_SOURCE_EVIDENCE,BUNDLE_ASSIGNMENT
CO INV,627,FVA100AMVM/RZF100DVM,BRC4C66,,"FVA100AMVM / RZF100DVM + BRC4C66 10.0
(5.0 - 11.2) 34,100
(17,100-38,200) Bộ",BRC1E63|BRC4C66,COMPATIBILITY_ONLY,,NO_SOURCE_EVIDENCE,BUNDLE_ASSIGNMENT
CO INV,588,FVA100AMVM/RZF100DYM,BRC1E63,,"FVA100AMVM / RZF100DYM + BRC1E63 10.0
(5.0 - 11.2) 34,100
(17,100-38,200) Bộ",BRC1E63|BRC4C66,COMPATIBILITY_ONLY,,NO_SOURCE_EVIDENCE,BUNDLE_ASSIGNMENT
CO INV,657,FVA100AMVM/RZF100DYM,BRC4C66,,"FVA100AMVM / RZF100DYM + BRC4C66 10.0
(5.0 - 11.2) 34,100
(17,100-38,200) Bộ",BRC1E63|BRC4C66,COMPATIBILITY_ONLY,,NO_SOURCE_EVIDENCE,BUNDLE_ASSIGNMENT
HP INV,365,FVA125AMVM/RZA125DV1,BRC1E63,,"FVA125AMVM / RZA125DV1 + BRC1E63 12.5
(5.0-14.0) 42,700
(17,100-47,800) 14.0
(5.1-16.0) 47,800
(17,400-54,600) Bộ",BRC1E63|BRC4C65,COMPATIBILITY_ONLY,,NO_SOURCE_EVIDENCE,BUNDLE_ASSIGNMENT
HP INV,404,FVA125AMVM/RZA125DV1,BRC4C65,,"FVA125AMVM / RZA125DV1 + BRC4C65 12.5
(5.0-14.0) 42,700
(17,100-47,800) 14.0
(5.1-16.0) 47,800
(17,400-54,600) Bộ",BRC1E63|BRC4C65,COMPATIBILITY_ONLY,,NO_SOURCE_EVIDENCE,BUNDLE_ASSIGNMENT
HP INV,378,FVA125AMVM/RZA125DY1,BRC1E63,,"FVA125AMVM / RZA125DY1 + BRC1E63 12.5
(5.0-14.0) 42,700
(17,100-47,800) 14.0
(5.1-16.0) 47,800
(17,400-54,600) Bộ",BRC1E63|BRC4C65,COMPATIBILITY_ONLY,,NO_SOURCE_EVIDENCE,BUNDLE_ASSIGNMENT
HP INV,417,FVA125AMVM/RZA125DY1,BRC4C65,,"FVA125AMVM / RZA125DY1 + BRC4C65 12.5
(5.0-14.0) 42,700
(17,100-47,800) 14.0
(5.1-16.0) 47,800
(17,400-54,600) Bộ",BRC1E63|BRC4C65,COMPATIBILITY_ONLY,,NO_SOURCE_EVIDENCE,BUNDLE_ASSIGNMENT
CO INV,549,FVA125AMVM/RZF125CVM,BRC1E63,,"FVA125AMVM / RZF125CVM + BRC1E63 12.5
(5.7 - 14.0) 42,700
(19,500-47,800) Bộ",BRC1E63|BRC4C66,COMPATIBILITY_ONLY,,NO_SOURCE_EVIDENCE,BUNDLE_ASSIGNMENT
CO INV,618,FVA125AMVM/RZF125CVM,BRC4C66,,"FVA125AMVM / RZF125CVM + BRC4C66 12.5
(5.7 - 14.0) 42,700
(19,500-47,800) Bộ",BRC1E63|BRC4C66,COMPATIBILITY_ONLY,,NO_SOURCE_EVIDENCE,BUNDLE_ASSIGNMENT
CO INV,579,FVA125AMVM/RZF125CYM,BRC1E63,,"FVA125AMVM / RZF125CYM + BRC1E63 12.5
(5.7 - 14.0) 42,700
(19,500-47,800) Bộ",BRC1E63|BRC4C66,COMPATIBILITY_ONLY,,NO_SOURCE_EVIDENCE,BUNDLE_ASSIGNMENT
CO INV,648,FVA125AMVM/RZF125CYM,BRC4C66,,"FVA125AMVM / RZF125CYM + BRC4C66 12.5
(5.7 - 14.0) 42,700
(19,500-47,800) Bộ",BRC1E63|BRC4C66,COMPATIBILITY_ONLY,,NO_SOURCE_EVIDENCE,BUNDLE_ASSIGNMENT
CO INV,562,FVA125AMVM/RZF125DVM,BRC1E63,,"FVA125AMVM / RZF125DVM + BRC1E63 12.5
(5.7 - 14.0) 42,700
(19,500-47,800) Bộ",BRC1E63|BRC4C66,COMPATIBILITY_ONLY,,NO_SOURCE_EVIDENCE,BUNDLE_ASSIGNMENT
CO INV,631,FVA125AMVM/RZF125DVM,BRC4C66,,"FVA125AMVM / RZF125DVM + BRC4C66 12.5
(5.7 - 14.0) 42,700
(19,500-47,800) Bộ",BRC1E63|BRC4C66,COMPATIBILITY_ONLY,,NO_SOURCE_EVIDENCE,BUNDLE_ASSIGNMENT
CO INV,592,FVA125AMVM/RZF125DYM,BRC1E63,,"FVA125AMVM / RZF125DYM + BRC1E63 12.5
(5.7 - 14.0) 42,700
(19,500-47,800) Bộ",BRC1E63|BRC4C66,COMPATIBILITY_ONLY,,NO_SOURCE_EVIDENCE,BUNDLE_ASSIGNMENT
CO INV,661,FVA125AMVM/RZF125DYM,BRC4C66,,"FVA125AMVM / RZF125DYM + BRC4C66 12.5
(5.7 - 14.0) 42,700
(19,500-47,800) Bộ",BRC1E63|BRC4C66,COMPATIBILITY_ONLY,,NO_SOURCE_EVIDENCE,BUNDLE_ASSIGNMENT
HP INV,369,FVA140AMVM/RZA140DV1,BRC1E63,,"FVA140AMVM / RZA140DV1 + BRC1E63 14.0
(5.0-16.0) 47,800
(17,100-54,600) 16.0
(5.1-18.0) 54,600
(17,400-61,400) Bộ",BRC1E63|BRC4C65,COMPATIBILITY_ONLY,,NO_SOURCE_EVIDENCE,BUNDLE_ASSIGNMENT
HP INV,408,FVA140AMVM/RZA140DV1,BRC4C65,,"FVA140AMVM / RZA140DV1 + BRC4C65 14.0
(5.0-16.0) 47,800
(17,100-54,600) 16.0
(5.1-18.0) 54,600
(17,400-61,400) Bộ",BRC1E63|BRC4C65,COMPATIBILITY_ONLY,,NO_SOURCE_EVIDENCE,BUNDLE_ASSIGNMENT
HP INV,382,FVA140AMVM/RZA140DY1,BRC1E63,,"FVA140AMVM / RZA140DY1 + BRC1E63 14.0
(5.0-16.0) 47,800
(17,100-54,600) 16.0
(5.1-18.0) 54,600
(17,400-61,400) Bộ",BRC1E63|BRC4C65,COMPATIBILITY_ONLY,,NO_SOURCE_EVIDENCE,BUNDLE_ASSIGNMENT
HP INV,421,FVA140AMVM/RZA140DY1,BRC4C65,,"FVA140AMVM / RZA140DY1 + BRC4C65 14.0
(5.0-16.0) 47,800
(17,100-54,600) 16.0
(5.1-18.0) 54,600
(17,400-61,400) Bộ",BRC1E63|BRC4C65,COMPATIBILITY_ONLY,,NO_SOURCE_EVIDENCE,BUNDLE_ASSIGNMENT
CO INV,553,FVA140AMVM/RZF140CVM,BRC1E63,,"FVA140AMVM / RZF140CVM + BRC1E63 14.0
(6.2 - 15.5) 47,800
(21,200-52,900) Bộ",BRC1E63|BRC4C66,COMPATIBILITY_ONLY,,NO_SOURCE_EVIDENCE,BUNDLE_ASSIGNMENT
CO INV,622,FVA140AMVM/RZF140CVM,BRC4C66,,"FVA140AMVM / RZF140CVM + BRC4C66 14.0
(6.2 - 15.5) 47,800
(21,200-52,900) Bộ",BRC1E63|BRC4C66,COMPATIBILITY_ONLY,,NO_SOURCE_EVIDENCE,BUNDLE_ASSIGNMENT
CO INV,583,FVA140AMVM/RZF140CYM,BRC1E63,,"FVA140AMVM / RZF140CYM + BRC1E63 14.0
(6.2 - 15.5) 47,800
(21,200-52,900) Bộ",BRC1E63|BRC4C66,COMPATIBILITY_ONLY,,NO_SOURCE_EVIDENCE,BUNDLE_ASSIGNMENT
CO INV,652,FVA140AMVM/RZF140CYM,BRC4C66,,"FVA140AMVM / RZF140CYM + BRC4C66 14.0
(6.2 - 15.5) 47,800
(21,200-52,900) Bộ",BRC1E63|BRC4C66,COMPATIBILITY_ONLY,,NO_SOURCE_EVIDENCE,BUNDLE_ASSIGNMENT
CO INV,566,FVA140AMVM/RZF140DVM,BRC1E63,,"FVA140AMVM / RZF140DVM + BRC1E63 14.0
(6.2 - 15.5) 47,800
(21,200-52,900) Bộ",BRC1E63|BRC4C66,COMPATIBILITY_ONLY,,NO_SOURCE_EVIDENCE,BUNDLE_ASSIGNMENT
CO INV,635,FVA140AMVM/RZF140DVM,BRC4C66,,"FVA140AMVM / RZF140DVM + BRC4C66 14.0
(6.2 - 15.5) 47,800
(21,200-52,900) Bộ",BRC1E63|BRC4C66,COMPATIBILITY_ONLY,,NO_SOURCE_EVIDENCE,BUNDLE_ASSIGNMENT
CO INV,596,FVA140AMVM/RZF140DYM,BRC1E63,,"FVA140AMVM / RZF140DYM + BRC1E63 14.0
(6.2 - 15.5) 47,800
(21,200-52,900) Bộ",BRC1E63|BRC4C66,COMPATIBILITY_ONLY,,NO_SOURCE_EVIDENCE,BUNDLE_ASSIGNMENT
CO INV,665,FVA140AMVM/RZF140DYM,BRC4C66,,"FVA140AMVM / RZF140DYM + BRC4C66 14.0
(6.2 - 15.5) 47,800
(21,200-52,900) Bộ",BRC1E63|BRC4C66,COMPATIBILITY_ONLY,,NO_SOURCE_EVIDENCE,BUNDLE_ASSIGNMENT
HP INV,349,FVA50AMVM/RZA50DV2V,BRC1E63,,"FVA50AMVM / RZA50DV2V + BRC1E63 5.0
(1.4-6.0) 17,100
(4,800-20,500) 6.0
(1.4-7.1) 20,500
(4,800-24,200) Bộ",BRC1E63|BRC4C65,COMPATIBILITY_ONLY,,NO_SOURCE_EVIDENCE,BUNDLE_ASSIGNMENT
HP INV,388,FVA50AMVM/RZA50DV2V,BRC4C65,,"FVA50AMVM / RZA50DV2V + BRC4C65 5.0
(1.4-6.0) 17,100
(4,800-20,500) 6.0
(1.4-7.1) 20,500
(4,800-24,200) Bộ",BRC1E63|BRC4C65,COMPATIBILITY_ONLY,,NO_SOURCE_EVIDENCE,BUNDLE_ASSIGNMENT
CO INV,533,FVA50AMVM/RZF50DVM,BRC1E63,,"FVA50AMVM / RZF50DVM + BRC1E63 5.0
(2.3 - 5.6) 17,100
(7,800-19,100) Bộ",BRC1E63|BRC4C66,COMPATIBILITY_ONLY,,NO_SOURCE_EVIDENCE,BUNDLE_ASSIGNMENT
CO INV,602,FVA50AMVM/RZF50DVM,BRC4C66,,"FVA50AMVM / RZF50DVM + BRC4C66 5.0
(2.3 - 5.6) 17,100
(7,800-19,100) Bộ",BRC1E63|BRC4C66,COMPATIBILITY_ONLY,,NO_SOURCE_EVIDENCE,BUNDLE_ASSIGNMENT
HP INV,353,FVA60AMVM/RZA60DV2V,BRC1E63,,"FVA60AMVM / RZA60DV2V + BRC1E63 6.0
(1.4-7.1) 20,500
(4,800-24,200) 7.1
(1.4-8.0) 23,200
(4,800-27,300) Bộ",BRC1E63|BRC4C65,COMPATIBILITY_ONLY,,NO_SOURCE_EVIDENCE,BUNDLE_ASSIGNMENT
HP INV,392,FVA60AMVM/RZA60DV2V,BRC4C65,,"FVA60AMVM / RZA60DV2V + BRC4C65 6.0
(1.4-7.1) 20,500
(4,800-24,200) 7.1
(1.4-8.0) 23,200
(4,800-27,300) Bộ",BRC1E63|BRC4C65,COMPATIBILITY_ONLY,,NO_SOURCE_EVIDENCE,BUNDLE_ASSIGNMENT
CO INV,537,FVA60AMVM/RZF60DVM,BRC1E63,,"FVA60AMVM / RZF60DVM + BRC1E63 6.0
(2.6 - 6.3) 20,500
(8,900-21,500) Bộ",BRC1E63|BRC4C66,COMPATIBILITY_ONLY,,NO_SOURCE_EVIDENCE,BUNDLE_ASSIGNMENT
CO INV,606,FVA60AMVM/RZF60DVM,BRC4C66,,"FVA60AMVM / RZF60DVM + BRC4C66 6.0
(2.6 - 6.3) 20,500
(8,900-21,500) Bộ",BRC1E63|BRC4C66,COMPATIBILITY_ONLY,,NO_SOURCE_EVIDENCE,BUNDLE_ASSIGNMENT
HP INV,357,FVA71AMVM/RZA71DV1,BRC1E63,,"FVA71AMVM / RZA71DV1 + BRC1E63 7.1
(3.2-8.0) 24,200
(10,900-27,300) 8.0
(3.5-9.0) 27,300
(12,000-30,700) Bộ",BRC1E63|BRC4C65,COMPATIBILITY_ONLY,,NO_SOURCE_EVIDENCE,BUNDLE_ASSIGNMENT
HP INV,396,FVA71AMVM/RZA71DV1,BRC4C65,,"FVA71AMVM / RZA71DV1 + BRC4C65 7.1
(3.2-8.0) 24,200
(10,900-27,300) 8.0
(3.5-9.0) 27,300
(12,000-30,700) Bộ",BRC1E63|BRC4C65,COMPATIBILITY_ONLY,,NO_SOURCE_EVIDENCE,BUNDLE_ASSIGNMENT
CO INV,541,FVA71AMVM/RZF71DVM,BRC1E63,,"FVA71AMVM / RZF71DVM + BRC1E63 7.1
(3.2 - 8.0) 24,200
(10,900-27,300) Bộ",BRC1E63|BRC4C66,COMPATIBILITY_ONLY,,NO_SOURCE_EVIDENCE,BUNDLE_ASSIGNMENT
CO INV,610,FVA71AMVM/RZF71DVM,BRC4C66,,"FVA71AMVM / RZF71DVM + BRC4C66 7.1
(3.2 - 8.0) 24,200
(10,900-27,300) Bộ",BRC1E63|BRC4C66,COMPATIBILITY_ONLY,,NO_SOURCE_EVIDENCE,BUNDLE_ASSIGNMENT
CO INV,571,FVA71AMVM/RZF71DYM,BRC1E63,,"FVA71AMVM / RZF71DYM + BRC1E63 7.1
(3.2 - 8.0) 24,200
(10,900-27,300) Bộ",BRC1E63|BRC4C66,COMPATIBILITY_ONLY,,NO_SOURCE_EVIDENCE,BUNDLE_ASSIGNMENT
CO INV,640,FVA71AMVM/RZF71DYM,BRC4C66,,"FVA71AMVM / RZF71DYM + BRC4C66 7.1
(3.2 - 8.0) 24,200
(10,900-27,300) Bộ",BRC1E63|BRC4C66,COMPATIBILITY_ONLY,,NO_SOURCE_EVIDENCE,BUNDLE_ASSIGNMENT
NON INV,351,FVC100AV1V/RC100AGY1V,,,FVC100AV1V / RC100AGY1V 10.55 36000 Bộ,,NO_SOURCE_EVIDENCE,,NO_SOURCE_EVIDENCE,BUNDLE_ASSIGNMENT
NON INV,354,FVC125AV1V/RC125AGY1V,,,FVC125AV1V / RC125AGY1V 12.31 42000 Bộ,,NO_SOURCE_EVIDENCE,,NO_SOURCE_EVIDENCE,BUNDLE_ASSIGNMENT
NON INV,357,FVC140AV1V/RC140AGY1V,,,FVC140AV1V / RC140AGY1V 14.07 48000 Bộ,,NO_SOURCE_EVIDENCE,,NO_SOURCE_EVIDENCE,BUNDLE_ASSIGNMENT
NON INV,344,FVC85AV1V/RC85AGV1V,,,FVC85AV1V / RC85AGV1V 8.5 29000 Bộ,,NO_SOURCE_EVIDENCE,,NO_SOURCE_EVIDENCE,BUNDLE_ASSIGNMENT
NON INV,348,FVC85AV1V/RC85AGY1V,,,FVC85AV1V / RC85AGY1V 8.5 29000 Bộ,,NO_SOURCE_EVIDENCE,,NO_SOURCE_EVIDENCE,BUNDLE_ASSIGNMENT
CO INV,1115,FVFC100AV1/RZFC100AV19,,,"FVFC100AV1 / RZFC100AV19 10
(5.00 - 11.20) 34,100
(17,100-38,200) Bộ",,NO_SOURCE_EVIDENCE,,NO_SOURCE_EVIDENCE,BUNDLE_ASSIGNMENT
CO INV,1119,FVFC125AV1/RZFC125AY19,,,"FVFC125AV1 / RZFC125AY19 12.5
(5.30 - 13.60) 42,700
(18,200-46,500) Bộ",,NO_SOURCE_EVIDENCE,,NO_SOURCE_EVIDENCE,BUNDLE_ASSIGNMENT
CO INV,1122,FVFC140AV1/RZFC140AY19,,,"FVFC140AV1 / RZFC140AY19 13.6
(5.30 - 14.40) 46,500
(18,200-49,000) Bộ",,NO_SOURCE_EVIDENCE,,NO_SOURCE_EVIDENCE,BUNDLE_ASSIGNMENT
CO INV,1109,FVFC71AV1/RZFC71AGV19,,,"FVFC71AV1 / RZFC71AGV19 7.1
(3.20 - 8.00) 24,200
(10,900-27,300) Bộ",,NO_SOURCE_EVIDENCE,,NO_SOURCE_EVIDENCE,BUNDLE_ASSIGNMENT
CO INV,1112,FVFC85AV1/RZFC85AV19,,,"FVFC85AV1 / RZFC85AV19 8.5
(4.20 - 9.10) 29,000
(14,300-31,000) Bộ",,NO_SOURCE_EVIDENCE,,NO_SOURCE_EVIDENCE,BUNDLE_ASSIGNMENT
